id,name,review_count,rating,price,price_point,display_phone,url,image_url,address1,address2,address3,city,state,zip,country,latitude,longitude
qcnoyytlFIuqlcjDXkXJiw,Starbucks,80,2.5,$$,2,(718) 855-0856,https://www.yelp.com/biz/starbucks-brooklyn-21?adjust_creative=0wbs0iSeYd0wJkiEuTz28g&utm_campaign=yelp_api_v3&utm_medium=api_v3_business_search&utm_source=0wbs0iSeYd0wJkiEuTz28g,https://s3-media2.fl.yelpcdn.com/bphoto/rvbmfbKSWW4G4RmDu018hA/o.jpg,67 Main St,,,Brooklyn,NY,11201,US,40.70275444,-73.99088374
60agfQbky4cX8BEApyltIA,Starbucks,36,2.0,$,1,(646) 699-9983,https://www.yelp.com/biz/starbucks-new-york-524?adjust_creative=0wbs0iSeYd0wJkiEuTz28g&utm_campaign=yelp_api_v3&utm_medium=api_v3_business_search&utm_source=0wbs0iSeYd0wJkiEuTz28g,https://s3-media4.fl.yelpcdn.com/bphoto/ZM_sCPU1miFXbZGba1lX6g/o.jpg,375 Pearl St,,,New York,NY,10038,US,40.71102,-74.00091
C0EKm9V9QI2R47QkRWA5aQ,Starbucks,44,3.0,$,1,(929) 955-1841,https://www.yelp.com/biz/starbucks-new-york-290?adjust_creative=0wbs0iSeYd0wJkiEuTz28g&utm_campaign=yelp_api_v3&utm_medium=api_v3_business_search&utm_source=0wbs0iSeYd0wJkiEuTz28g,https://s3-media3.fl.yelpcdn.com/bphoto/Rvok-BWGjIGY-rMSQofYPA/o.jpg,99 Wall St,,,New York,NY,10005,US,40.7049014,-74.0072444
OuNYQaqEJjkBHRdnC-4HOw,Starbucks,40,2.5,$$,2,(212) 509-9709,https://www.yelp.com/biz/starbucks-new-york-381?adjust_creative=0wbs0iSeYd0wJkiEuTz28g&utm_campaign=yelp_api_v3&utm_medium=api_v3_business_search&utm_source=0wbs0iSeYd0wJkiEuTz28g,https://s3-media2.fl.yelpcdn.com/bphoto/SV8ynJOzOiauQngcqnv_uA/o.jpg,100 William St,,,New York,NY,10038,US,40.708413,-74.007387
mEMPhPK6dSgy5eXS-kYHLg,Starbucks,68,3.0,$$,2,(718) 243-0455,https://www.yelp.com/biz/starbucks-brooklyn-17?adjust_creative=0wbs0iSeYd0wJkiEuTz28g&utm_campaign=yelp_api_v3&utm_medium=api_v3_business_search&utm_source=0wbs0iSeYd0wJkiEuTz28g,https://s3-media4.fl.yelpcdn.com/bphoto/IsyCZQAKUcrliFuzXo_TXQ/o.jpg,134 Montague St,,,Brooklyn,NY,11201,US,40.694582,-73.993978
t03ZbaLQP3MrMuUGb6MQdw,Starbucks,53,2.0,$$,2,(212) 482-6530,https://www.yelp.com/biz/starbucks-new-york-506?adjust_creative=0wbs0iSeYd0wJkiEuTz28g&utm_campaign=yelp_api_v3&utm_medium=api_v3_business_search&utm_source=0wbs0iSeYd0wJkiEuTz28g,https://s3-media3.fl.yelpcdn.com/bphoto/XApF9Rx6XxdP-j0cI2NGxA/o.jpg,110 Pearl St,,,New York,NY,10005,US,40.704653,-74.009001
pTv4RDll3N_CGG3BwtEctg,Starbucks,59,3.0,$,1,(212) 608-8073,https://www.yelp.com/biz/starbucks-new-york-395?adjust_creative=0wbs0iSeYd0wJkiEuTz28g&utm_campaign=yelp_api_v3&utm_medium=api_v3_business_search&utm_source=0wbs0iSeYd0wJkiEuTz28g,https://s3-media1.fl.yelpcdn.com/bphoto/ClYnav-_Uu7IPU0Qa9LUJA/o.jpg,38 Park Row,,,New York,NY,10038,US,40.71168566,-74.00666918
j6nTfbYavGVsJKxz6bte6w,Starbucks,61,3.5,$,1,(212) 962-0439,https://www.yelp.com/biz/starbucks-new-york-214?adjust_creative=0wbs0iSeYd0wJkiEuTz28g&utm_campaign=yelp_api_v3&utm_medium=api_v3_business_search&utm_source=0wbs0iSeYd0wJkiEuTz28g,https://s3-media3.fl.yelpcdn.com/bphoto/MdLapQsqNZ8AUIGtHPNfXg/o.jpg,130 Fulton St,,,New York,NY,10038,US,40.71022348,-74.00797242
XzAZVxmGPcysK8hYdcAJKA,Starbucks,54,2.5,$$,2,(212) 964-8846,https://www.yelp.com/biz/starbucks-new-york-229?adjust_creative=0wbs0iSeYd0wJkiEuTz28g&utm_campaign=yelp_api_v3&utm_medium=api_v3_business_search&utm_source=0wbs0iSeYd0wJkiEuTz28g,https://s3-media2.fl.yelpcdn.com/bphoto/ms4p2KBJbQg1xn4TT8aOmQ/o.jpg,111 Worth St,,,New York,NY,10013,US,40.71588714,-74.00314073
4jWEL2gMhfwfzej0rfgJiQ,Starbucks,55,2.0,$,1,(212) 619-1529,https://www.yelp.com/biz/starbucks-new-york-264?adjust_creative=0wbs0iSeYd0wJkiEuTz28g&utm_campaign=yelp_api_v3&utm_medium=api_v3_business_search&utm_source=0wbs0iSeYd0wJkiEuTz28g,https://s3-media3.fl.yelpcdn.com/bphoto/aSBKV7Z1FuT1nV6qgxQUFw/o.jpg,233 Broadway,,,New York,NY,10279,US,40.71222829959837,-74.00820580822274
E6h-sMLmF86cuituw5zYxw,Starbucks,148,2.5,$$,2,(718) 522-2396,https://www.yelp.com/biz/starbucks-brooklyn-6?adjust_creative=0wbs0iSeYd0wJkiEuTz28g&utm_campaign=yelp_api_v3&utm_medium=api_v3_business_search&utm_source=0wbs0iSeYd0wJkiEuTz28g,https://s3-media2.fl.yelpcdn.com/bphoto/nNxnfD06ZVax3GhVNhVmMg/o.jpg,6 MetroTech Ctr,Poly Tech Institute,,Brooklyn,NY,11201,US,40.694047,-73.9867893
Ftrk-Rx1i3okzxnQNuLcnw,Starbucks,95,2.5,$$,2,(212) 742-2490,https://www.yelp.com/biz/starbucks-new-york-143?adjust_creative=0wbs0iSeYd0wJkiEuTz28g&utm_campaign=yelp_api_v3&utm_medium=api_v3_business_search&utm_source=0wbs0iSeYd0wJkiEuTz28g,https://s3-media3.fl.yelpcdn.com/bphoto/iaVlBYYkRx4DIh5pPI__iQ/o.jpg,55 Broad St,,,New York,NY,10004,US,40.70520877,-74.01128172
bbVBza8jlZoVi1meNZbbxw,Starbucks,2,5.0,,0,(347) 305-1487,https://www.yelp.com/biz/starbucks-brooklyn-92?adjust_creative=0wbs0iSeYd0wJkiEuTz28g&utm_campaign=yelp_api_v3&utm_medium=api_v3_business_search&utm_source=0wbs0iSeYd0wJkiEuTz28g,https://s3-media4.fl.yelpcdn.com/bphoto/0B7AqzK631mxf1fl-wM47A/o.jpg,3 Flushing Ave,,,Brooklyn,NY,11205,US,40.69845185950864,-73.97971609999999
V05D4jAQb3rT3WqEBGq-og,Starbucks,74,2.0,$$,2,(212) 406-5315,https://www.yelp.com/biz/starbucks-new-york-131?adjust_creative=0wbs0iSeYd0wJkiEuTz28g&utm_campaign=yelp_api_v3&utm_medium=api_v3_business_search&utm_source=0wbs0iSeYd0wJkiEuTz28g,https://s3-media3.fl.yelpcdn.com/bphoto/YL8s3UMYWXYpJ1_UFE0q-A/o.jpg,291 Broadway,,,New York,NY,10007,US,40.71504153,-74.00602938
FrigBgxfxMxwPJNq-hAr0Q,Starbucks,51,3.0,$$,2,(212) 732-9268,https://www.yelp.com/biz/starbucks-new-york-295?adjust_creative=0wbs0iSeYd0wJkiEuTz28g&utm_campaign=yelp_api_v3&utm_medium=api_v3_business_search&utm_source=0wbs0iSeYd0wJkiEuTz28g,https://s3-media4.fl.yelpcdn.com/bphoto/YUiI6Vx0m_5NTz6NRfgI9Q/o.jpg,115 Broadway,,,New York,NY,10006,US,40.708758,-74.011055
LQtVFXqjHW9ffkHNA7TqdQ,Starbucks,111,3.0,$$,2,(718) 855-0369,https://www.yelp.com/biz/starbucks-brooklyn-14?adjust_creative=0wbs0iSeYd0wJkiEuTz28g&utm_campaign=yelp_api_v3&utm_medium=api_v3_business_search&utm_source=0wbs0iSeYd0wJkiEuTz28g,https://s3-media3.fl.yelpcdn.com/bphoto/ZOrAg7iA1Qrku82k0CVQyg/o.jpg,50 Court St,,,Brooklyn,NY,11201,US,40.69248079,-73.99126236
CszSAlKolUeJ0-IaRDL0YQ,Starbucks,66,2.5,$$,2,(212) 385-1104,https://www.yelp.com/biz/starbucks-new-york-345?adjust_creative=0wbs0iSeYd0wJkiEuTz28g&utm_campaign=yelp_api_v3&utm_medium=api_v3_business_search&utm_source=0wbs0iSeYd0wJkiEuTz28g,https://s3-media2.fl.yelpcdn.com/bphoto/pKqgu2tenfxSFKoov2kMRw/o.jpg,195 Broadway,,,New York,NY,10007,US,40.71076714,-74.01044104
IY8HhDLbJGfHLL8GhaUicw,Starbucks,52,2.5,$$,2,(347) 997-2633,https://www.yelp.com/biz/starbucks-brooklyn-40?adjust_creative=0wbs0iSeYd0wJkiEuTz28g&utm_campaign=yelp_api_v3&utm_medium=api_v3_business_search&utm_source=0wbs0iSeYd0wJkiEuTz28g,https://s3-media1.fl.yelpcdn.com/bphoto/3TITud1dcTgwpys7WrWRzA/o.jpg,309 Gold St,,,Brooklyn,NY,11201,US,40.694975,-73.982911
RIklVZ2AEvC62MtCPRmFRQ,Starbucks,14,2.5,$,1,(212) 785-8409,https://www.yelp.com/biz/starbucks-new-york-434?adjust_creative=0wbs0iSeYd0wJkiEuTz28g&utm_campaign=yelp_api_v3&utm_medium=api_v3_business_search&utm_source=0wbs0iSeYd0wJkiEuTz28g,https://s3-media1.fl.yelpcdn.com/bphoto/D0fgOXPE5ztQkWbVipxaFQ/o.jpg,1 New York Plz,,,New York,NY,10004,US,40.7020572,-74.01198708
8uTTEIDkYuEXywiWcP5w-w,Starbucks,70,2.5,$$,2,(212) 513-1451,https://www.yelp.com/biz/starbucks-new-york-128?adjust_creative=0wbs0iSeYd0wJkiEuTz28g&utm_campaign=yelp_api_v3&utm_medium=api_v3_business_search&utm_source=0wbs0iSeYd0wJkiEuTz28g,https://s3-media3.fl.yelpcdn.com/bphoto/bwiif4R8_NFKKzTy_HKvAw/o.jpg,120 Church St,,,New York,NY,10007,US,40.713782,-74.009077
HSdM_oo-UTkHXRXQM81s7g,Starbucks,17,4.0,,0,(212) 248-7478,https://www.yelp.com/biz/starbucks-new-york-575?adjust_creative=0wbs0iSeYd0wJkiEuTz28g&utm_campaign=yelp_api_v3&utm_medium=api_v3_business_search&utm_source=0wbs0iSeYd0wJkiEuTz28g,https://s3-media2.fl.yelpcdn.com/bphoto/hwiYx1qPnQSXL0i-9Qn4Dg/o.jpg,55 Broadway,,,New York,NY,10006,US,40.70696558,-74.012968
rPXlTqHLYKcXyADOeqzwbg,Starbucks,73,2.5,$$,2,(212) 344-4290,https://www.yelp.com/biz/starbucks-new-york-189?adjust_creative=0wbs0iSeYd0wJkiEuTz28g&utm_campaign=yelp_api_v3&utm_medium=api_v3_business_search&utm_source=0wbs0iSeYd0wJkiEuTz28g,https://s3-media3.fl.yelpcdn.com/bphoto/OxOaPT30kfmSR7Gwqehe9g/o.jpg,2 Broadway,,,New York,NY,10004,US,40.704345,-74.01299953
JXKpCS9Ru3nt7U0_kFqZgA,Starbucks,69,3.0,$$,2,(718) 488-1719,https://www.yelp.com/biz/starbucks-brooklyn-32?adjust_creative=0wbs0iSeYd0wJkiEuTz28g&utm_campaign=yelp_api_v3&utm_medium=api_v3_business_search&utm_source=0wbs0iSeYd0wJkiEuTz28g,https://s3-media1.fl.yelpcdn.com/bphoto/VjqMVCdfK9F3iUfdQtBh2g/o.jpg,348 Fulton St,Fulton Mall,,Brooklyn,NY,11201,US,40.691795,-73.988548
hh2T5aLJsSjpHvPRcQxIJw,Starbucks,36,3.0,$$,2,(646) 856-5994,https://www.yelp.com/biz/starbucks-new-york-511?adjust_creative=0wbs0iSeYd0wJkiEuTz28g&utm_campaign=yelp_api_v3&utm_medium=api_v3_business_search&utm_source=0wbs0iSeYd0wJkiEuTz28g,https://s3-media1.fl.yelpcdn.com/bphoto/IPjV2DrLpYgGV-bHwfwIkw/o.jpg,33 Vesey St,,,New York,NY,10007,US,40.71221753310176,-74.0110373180485
chLhbhg91BAxxxYUdcHmFA,Starbucks,160,2.5,$$,2,(917) 534-1397,https://www.yelp.com/biz/starbucks-new-york-428?adjust_creative=0wbs0iSeYd0wJkiEuTz28g&utm_campaign=yelp_api_v3&utm_medium=api_v3_business_search&utm_source=0wbs0iSeYd0wJkiEuTz28g,https://s3-media4.fl.yelpcdn.com/bphoto/ucut14YjrdEvlfrLdGjdXA/o.jpg,80 Delancey St,,,New York,NY,10002,US,40.719333,-73.989977
iWoOAvIYqZ8nqx1BYcuZYw,Starbucks,27,3.0,$,1,(646) 838-4269,https://www.yelp.com/biz/starbucks-new-york-537?adjust_creative=0wbs0iSeYd0wJkiEuTz28g&utm_campaign=yelp_api_v3&utm_medium=api_v3_business_search&utm_source=0wbs0iSeYd0wJkiEuTz28g,https://s3-media4.fl.yelpcdn.com/bphoto/JMgf4qMYfdnAZRZHnNWCeg/o.jpg,157 Lafayette St,,157 Lafayette,New York,NY,10013,US,40.719757,-73.99913
01cAFjVfryumdxZCs-QG-A,Starbucks,52,3.5,$,1,(646) 613-0148,https://www.yelp.com/biz/starbucks-new-york-215?adjust_creative=0wbs0iSeYd0wJkiEuTz28g&utm_campaign=yelp_api_v3&utm_medium=api_v3_business_search&utm_source=0wbs0iSeYd0wJkiEuTz28g,https://s3-media2.fl.yelpcdn.com/bphoto/qG1CALzQyxRL0MrxTByh8w/o.jpg,405 Broadway,,,New York,NY,10013,US,40.71907606,-74.00262424
rveP6oXixE2a2sKwMqS-ww,Starbucks,51,2.0,$,1,(212) 791-6368,https://www.yelp.com/biz/starbucks-new-york-380?adjust_creative=0wbs0iSeYd0wJkiEuTz28g&utm_campaign=yelp_api_v3&utm_medium=api_v3_business_search&utm_source=0wbs0iSeYd0wJkiEuTz28g,https://s3-media3.fl.yelpcdn.com/bphoto/R3sguPocqo32eVCyuTppQg/o.jpg,125 Chambers St,,,New York,NY,10007,US,40.715532,-74.009003
tmCoQxrDuIMHAcJ3_EJakA,Starbucks,19,3.0,$$,2,(646) 860-8615,https://www.yelp.com/biz/starbucks-new-york-510?adjust_creative=0wbs0iSeYd0wJkiEuTz28g&utm_campaign=yelp_api_v3&utm_medium=api_v3_business_search&utm_source=0wbs0iSeYd0wJkiEuTz28g,https://s3-media1.fl.yelpcdn.com/bphoto/bvgA4hiPLwjDAz9Dbdp2Bg/o.jpg,444 Broadway,,,New York,NY,10013,US,40.72023566,-74.00095858
zKrj6ADYDWPzD-jozbYrww,Starbucks,14,5.0,,0,(212) 219-2277,https://www.yelp.com/biz/starbucks-new-york-601?adjust_creative=0wbs0iSeYd0wJkiEuTz28g&utm_campaign=yelp_api_v3&utm_medium=api_v3_business_search&utm_source=0wbs0iSeYd0wJkiEuTz28g,https://s3-media3.fl.yelpcdn.com/bphoto/kvGcUnD1WIbIatmufYhLNw/o.jpg,422 Fulton St,,,Brooklyn,NY,11201,US,40.69069421,-73.98604873
GWuY5Sw6QAEYjvE2QYHwbQ,Starbucks,5,3.0,,0,(718) 875-7200,https://www.yelp.com/biz/starbucks-brooklyn-76?adjust_creative=0wbs0iSeYd0wJkiEuTz28g&utm_campaign=yelp_api_v3&utm_medium=api_v3_business_search&utm_source=0wbs0iSeYd0wJkiEuTz28g,https://s3-media2.fl.yelpcdn.com/bphoto/W1XZnIfxIZa-5syAE7yokg/o.jpg,180 W Broadway,,,New York,NY,10013,US,40.718247,-74.007305
wE3_AwZoZ0ZXbngBH1xRrg,Starbucks,57,3.5,$,1,(212) 343-7402,https://www.yelp.com/biz/starbucks-new-york-294?adjust_creative=0wbs0iSeYd0wJkiEuTz28g&utm_campaign=yelp_api_v3&utm_medium=api_v3_business_search&utm_source=0wbs0iSeYd0wJkiEuTz28g,https://s3-media4.fl.yelpcdn.com/bphoto/p5y7vwYiTlQBNw8Bj1hU4Q/o.jpg,32 Avenue Of The Americas,,,New York,NY,10013,US,40.7200627,-74.0047478
XhWXyvt0_n5uRxalVsulRA,Starbucks,38,2.5,$,1,(212) 966-0984,https://www.yelp.com/biz/starbucks-new-york-387?adjust_creative=0wbs0iSeYd0wJkiEuTz28g&utm_campaign=yelp_api_v3&utm_medium=api_v3_business_search&utm_source=0wbs0iSeYd0wJkiEuTz28g,https://s3-media1.fl.yelpcdn.com/bphoto/8eujiCgSr5mDhBup3zkfkw/o.jpg,445 Gold St,,Target,Brooklyn,NY,11201,US,40.69085,-73.98329
WeWZgrCyh14f-X76wZRMMg,Starbucks,6,2.0,,0,(929) 397-2864,https://www.yelp.com/biz/starbucks-brooklyn-73?adjust_creative=0wbs0iSeYd0wJkiEuTz28g&utm_campaign=yelp_api_v3&utm_medium=api_v3_business_search&utm_source=0wbs0iSeYd0wJkiEuTz28g,https://s3-media3.fl.yelpcdn.com/bphoto/SJPxPDJrB7mP6BKZWQriVg/o.jpg,200 Liberty St,,Brookfield Place 1,New York,NY,10006,US,40.71064061,-74.01566917
gfDj7Aa8U9K5UkJ9H65N3w,Starbucks,47,3.0,$,1,(929) 755-4010,https://www.yelp.com/biz/starbucks-new-york-417?adjust_creative=0wbs0iSeYd0wJkiEuTz28g&utm_campaign=yelp_api_v3&utm_medium=api_v3_business_search&utm_source=0wbs0iSeYd0wJkiEuTz28g,https://s3-media2.fl.yelpcdn.com/bphoto/l5hZ79RWKq58x_yCFYerFw/o.jpg,72 Spring St,,,New York,NY,10012,US,40.7224629,-73.9978143
AvpB-RQgEW9N4Eip3l3cww,Starbucks,64,2.0,$$,2,(212) 219-2961,https://www.yelp.com/biz/starbucks-new-york-553?adjust_creative=0wbs0iSeYd0wJkiEuTz28g&utm_campaign=yelp_api_v3&utm_medium=api_v3_business_search&utm_source=0wbs0iSeYd0wJkiEuTz28g,https://s3-media2.fl.yelpcdn.com/bphoto/QM4CzZXPdULlS66xBjcJ_w/o.jpg,45 Hoyt St,,,Brooklyn,NY,11201,US,40.68919372,-73.98589112
yhGYzWRpVTszItDTvLt-IA,Starbucks,10,3.5,,0,(718) 797-1777,https://www.yelp.com/biz/starbucks-brooklyn-77?adjust_creative=0wbs0iSeYd0wJkiEuTz28g&utm_campaign=yelp_api_v3&utm_medium=api_v3_business_search&utm_source=0wbs0iSeYd0wJkiEuTz28g,https://s3-media2.fl.yelpcdn.com/bphoto/Eh4oYh0oIgNtOqkWTwhS-g/o.jpg,395 Flatbush Avenue Extension,,,Brooklyn,NY,11201,US,40.68935078,-73.980887
xPK7cw1KaNyZczS9nBkCqA,Starbucks,23,2.5,$$,2,(718) 858-8070,https://www.yelp.com/biz/starbucks-brooklyn-50?adjust_creative=0wbs0iSeYd0wJkiEuTz28g&utm_campaign=yelp_api_v3&utm_medium=api_v3_business_search&utm_source=0wbs0iSeYd0wJkiEuTz28g,https://s3-media1.fl.yelpcdn.com/bphoto/fxWD0vQOmBVdMWEbGNV42Q/o.jpg,235 Greenwich St,,,New York,NY,10001,US,40.7205206260945,-74.0104043160567
a2nfVfbuobr5EX6sDH7jyw,Starbucks,67,3.5,$$,2,(718) 422-0178,https://www.yelp.com/biz/starbucks-brooklyn-5?adjust_creative=0wbs0iSeYd0wJkiEuTz28g&utm_campaign=yelp_api_v3&utm_medium=api_v3_business_search&utm_source=0wbs0iSeYd0wJkiEuTz28g,https://s3-media4.fl.yelpcdn.com/bphoto/QMqm-dNs1ZQwRz7owRcWSw/o.jpg,388 Greenwich St,,,New York,NY,10013,US,40.72098559,-74.01044872
ho_CugEAQlW19dYoQvKPDg,Starbucks,1,1.0,,0,,https://www.yelp.com/biz/starbucks-new-york-588?adjust_creative=0wbs0iSeYd0wJkiEuTz28g&utm_campaign=yelp_api_v3&utm_medium=api_v3_business_search&utm_source=0wbs0iSeYd0wJkiEuTz28g,https://s3-media2.fl.yelpcdn.com/bphoto/eqb1pa4iXQhPSFZbT5RKiw/o.jpg,49 1st Ave,Ste 2,,New York,NY,10003,US,40.7248169,-73.98763141
fUB19ML4mZsMFDMpvz9rIg,Starbucks,1,1.0,,0,(212) 816-3198,https://www.yelp.com/biz/starbucks-new-york-147?adjust_creative=0wbs0iSeYd0wJkiEuTz28g&utm_campaign=yelp_api_v3&utm_medium=api_v3_business_search&utm_source=0wbs0iSeYd0wJkiEuTz28g,https://s3-media1.fl.yelpcdn.com/bphoto/BKnBnUo2BxLhKzIPdV3ylw/o.jpg,665 Broadway,,,New York,NY,10012,US,40.72725151,-73.99551355
j45W-e_Y4YGJxRxjI1CoCQ,Starbucks,38,3.0,$,1,(212) 777-1752,https://www.yelp.com/biz/starbucks-new-york-180?adjust_creative=0wbs0iSeYd0wJkiEuTz28g&utm_campaign=yelp_api_v3&utm_medium=api_v3_business_search&utm_source=0wbs0iSeYd0wJkiEuTz28g,https://s3-media3.fl.yelpcdn.com/bphoto/-HN7fTOsDoc_Y8kbyntwsQ/o.jpg,482 W Broadway,,,New York,NY,10012,US,40.726835,-74.000193
K6x7wyqA2iOBjWIhMvOBVQ,Starbucks,77,2.5,$,1,(917) 534-0799,https://www.yelp.com/biz/starbucks-new-york-140?adjust_creative=0wbs0iSeYd0wJkiEuTz28g&utm_campaign=yelp_api_v3&utm_medium=api_v3_business_search&utm_source=0wbs0iSeYd0wJkiEuTz28g,https://s3-media4.fl.yelpcdn.com/bphoto/gbIWR87yJLnDn-xTzYR-Ew/o.jpg,150 Varick St,,,New York,NY,10013,US,40.725774,-74.005558
PpuKf6U0zWnhI_nxLwu_sw,Starbucks,68,2.5,$$,2,(212) 254-0139,https://www.yelp.com/biz/starbucks-new-york-377?adjust_creative=0wbs0iSeYd0wJkiEuTz28g&utm_campaign=yelp_api_v3&utm_medium=api_v3_business_search&utm_source=0wbs0iSeYd0wJkiEuTz28g,https://s3-media1.fl.yelpcdn.com/bphoto/WmuauX9l98tFXLQyJKGpgA/o.jpg,125 Saint Marks Pl,,,New York,NY,10009,US,40.72692264,-73.98323616
lb14G-jyqSm7zCKKFTiIog,Starbucks,100,2.0,$$,2,(646) 230-9816,https://www.yelp.com/biz/starbucks-new-york-562?adjust_creative=0wbs0iSeYd0wJkiEuTz28g&utm_campaign=yelp_api_v3&utm_medium=api_v3_business_search&utm_source=0wbs0iSeYd0wJkiEuTz28g,https://s3-media2.fl.yelpcdn.com/bphoto/Hc0e4HLHwIjn5r8MTtmPSA/o.jpg,45 W 4th St,,New York University,New York,NY,10012,US,40.72958423,-73.99624073
eSO_9YbzxMcDAYlru7x0Sg,Starbucks,28,2.0,,0,(917) 648-3955,https://www.yelp.com/biz/starbucks-new-york-545?adjust_creative=0wbs0iSeYd0wJkiEuTz28g&utm_campaign=yelp_api_v3&utm_medium=api_v3_business_search&utm_source=0wbs0iSeYd0wJkiEuTz28g,https://s3-media2.fl.yelpcdn.com/bphoto/uzrcfIFn4kq4NYjmR2s-tQ/o.jpg,139 Flatbush Ave,Atlantic Terminal,,Brooklyn,NY,11217,US,40.68465968,-73.97756354
65VJnrsaHS6NZejxnnu23A,Starbucks,107,1.5,$$,2,(212) 995-3443,https://www.yelp.com/biz/starbucks-new-york-392?adjust_creative=0wbs0iSeYd0wJkiEuTz28g&utm_campaign=yelp_api_v3&utm_medium=api_v3_business_search&utm_source=0wbs0iSeYd0wJkiEuTz28g,https://s3-media4.fl.yelpcdn.com/bphoto/hpKEPy-P4MX8qhtCRW9s1A/o.jpg,139 Flatbush Ave,,Target,Brooklyn,NY,11217,US,40.68462,-73.977587
Rz4f6qTReSN_Tz9ml0EBfg,Starbucks,75,2.5,$$,2,(718) 789-3418,https://www.yelp.com/biz/starbucks-brooklyn-19?adjust_creative=0wbs0iSeYd0wJkiEuTz28g&utm_campaign=yelp_api_v3&utm_medium=api_v3_business_search&utm_source=0wbs0iSeYd0wJkiEuTz28g,https://s3-media1.fl.yelpcdn.com/bphoto/jYCrDMsE3l6HEJq9lNIPIA/o.jpg,13-25 Astor Pl,,,New York,NY,10003,US,40.730017,-73.991547
KDdm5R0zBN-9pI9v8B-now,Starbucks,8,2.5,,0,(718) 290-1109,https://www.yelp.com/biz/starbucks-brooklyn-71?adjust_creative=0wbs0iSeYd0wJkiEuTz28g&utm_campaign=yelp_api_v3&utm_medium=api_v3_business_search&utm_source=0wbs0iSeYd0wJkiEuTz28g,https://s3-media4.fl.yelpcdn.com/bphoto/nar22AJ7vTfR4HLCskmwBA/o.jpg,625 Atlantic Ave,,,Brooklyn,NY,11217,US,40.68512164,-73.97598755
sfmi3mO_Kf__n89SznOy6g,Starbucks,232,3.0,$$,2,(212) 982-3753,https://www.yelp.com/biz/starbucks-new-york-134?adjust_creative=0wbs0iSeYd0wJkiEuTz28g&utm_campaign=yelp_api_v3&utm_medium=api_v3_business_search&utm_source=0wbs0iSeYd0wJkiEuTz28g,https://s3-media3.fl.yelpcdn.com/bphoto/DsJlfNrWmRKFOMRgjF4MUg/o.jpg,219 1st Ave,,,New York,NY,10003,US,40.7308611,-73.983244
BUGIGJufNEJA5wuzyA2gpw,Starbucks,2,5.0,$$,2,(718) 986-7946,https://www.yelp.com/biz/starbucks-brooklyn-84?adjust_creative=0wbs0iSeYd0wJkiEuTz28g&utm_campaign=yelp_api_v3&utm_medium=api_v3_business_search&utm_source=0wbs0iSeYd0wJkiEuTz28g,https://s3-media3.fl.yelpcdn.com/bphoto/vARSDeqXyt2Z8z1KcutNNg/o.jpg,378 6th Ave,,,New York,NY,10011,US,40.733082,-73.999734
pTZp1Lhdptd9b2HnIej6dg,Starbucks,67,2.5,$$,2,(212) 254-0358,https://www.yelp.com/biz/starbucks-new-york-210?adjust_creative=0wbs0iSeYd0wJkiEuTz28g&utm_campaign=yelp_api_v3&utm_medium=api_v3_business_search&utm_source=0wbs0iSeYd0wJkiEuTz28g,https://s3-media2.fl.yelpcdn.com/bphoto/m68Mmbw_JvZSBD3_RuiX_Q/o.jpg,145 3rd Ave,,,New York,NY,10003,US,40.733792,-73.986584
X4w163aTz8T30XQbg0feRQ,Starbucks,64,3.0,$,1,(212) 477-2690,https://www.yelp.com/biz/starbucks-new-york-137?adjust_creative=0wbs0iSeYd0wJkiEuTz28g&utm_campaign=yelp_api_v3&utm_medium=api_v3_business_search&utm_source=0wbs0iSeYd0wJkiEuTz28g,https://s3-media4.fl.yelpcdn.com/bphoto/Yy2-Kqh32wEegde2KSXySQ/o.jpg,325 Lafayette Ave,,,Brooklyn,NY,11205,US,40.688845,-73.96290311
hWNIU-r6lzdYAIs_fyaRkw,Starbucks,223,3.0,$$,2,(646) 486-2216,https://www.yelp.com/biz/starbucks-new-york-153?adjust_creative=0wbs0iSeYd0wJkiEuTz28g&utm_campaign=yelp_api_v3&utm_medium=api_v3_business_search&utm_source=0wbs0iSeYd0wJkiEuTz28g,https://s3-media2.fl.yelpcdn.com/bphoto/Wh-6cWS2I_mp75fm3JV9Sw/o.jpg,286 1st Ave,,,New York,NY,10009,US,40.7329823,-73.9810385
FPD5GmvFphTfCnuGZfgVhQ,Starbucks,45,2.5,$,1,(212) 677-7248,https://www.yelp.com/biz/starbucks-new-york-173?adjust_creative=0wbs0iSeYd0wJkiEuTz28g&utm_campaign=yelp_api_v3&utm_medium=api_v3_business_search&utm_source=0wbs0iSeYd0wJkiEuTz28g,https://s3-media1.fl.yelpcdn.com/bphoto/S-C4j8nFdp5nOychnXQLTg/o.jpg,225 4th Ave,,,Brooklyn,NY,11215,US,40.676998,-73.983038
3EDRLmmA7NEyBAQ86uDzfA,Starbucks,68,3.0,$$,2,(212) 353-1214,https://www.yelp.com/biz/starbucks-new-york-152?adjust_creative=0wbs0iSeYd0wJkiEuTz28g&utm_campaign=yelp_api_v3&utm_medium=api_v3_business_search&utm_source=0wbs0iSeYd0wJkiEuTz28g,https://s3-media2.fl.yelpcdn.com/bphoto/JNWep_IPL7mtG09HYMmDVg/o.jpg,240 Park Ave S,,,New York,NY,10003,US,40.73809787,-73.98832009
lNY8FMxryObIJDo-06OVlg,Starbucks,167,2.5,$$,2,(212) 982-8426,https://www.yelp.com/biz/starbucks-new-york-168?adjust_creative=0wbs0iSeYd0wJkiEuTz28g&utm_campaign=yelp_api_v3&utm_medium=api_v3_business_search&utm_source=0wbs0iSeYd0wJkiEuTz28g,https://s3-media3.fl.yelpcdn.com/bphoto/enCVVKafLrCL9UCQOvrEfw/o.jpg,405-409 Union Ave,,,Brooklyn,NY,11211,US,40.71269245,-73.95165501
CuSd-eVYOuEfx33KLlS5dQ,Starbucks,22,4.5,$$,2,(347) 909-1507,https://www.yelp.com/biz/starbucks-brooklyn-59?adjust_creative=0wbs0iSeYd0wJkiEuTz28g&utm_campaign=yelp_api_v3&utm_medium=api_v3_business_search&utm_source=0wbs0iSeYd0wJkiEuTz28g,https://s3-media1.fl.yelpcdn.com/bphoto/2x1eKUqAOnNVpTYOddRHAg/o.jpg,400 E 23rd St,,,New York,NY,10010,US,40.7364959,-73.978369
Sp4340c-mw7VgD8wWasvVw,Starbucks,93,3.0,$$,2,(201) 547-8375,https://www.yelp.com/biz/starbucks-jersey-city-3?adjust_creative=0wbs0iSeYd0wJkiEuTz28g&utm_campaign=yelp_api_v3&utm_medium=api_v3_business_search&utm_source=0wbs0iSeYd0wJkiEuTz28g,https://s3-media2.fl.yelpcdn.com/bphoto/JxOm5tB9onKnpOiMKWGY_g/o.jpg,304 Park Ave S,,,New York,NY,10010,US,40.74015237,-73.98681292
Yjw3X1AElQmHhxwYHmgKzA,Starbucks,70,2.5,$$,2,(212) 242-5981,https://www.yelp.com/biz/starbucks-new-york-307?adjust_creative=0wbs0iSeYd0wJkiEuTz28g&utm_campaign=yelp_api_v3&utm_medium=api_v3_business_search&utm_source=0wbs0iSeYd0wJkiEuTz28g,https://s3-media4.fl.yelpcdn.com/bphoto/sWbTQ-ViFSydYW_fM55B0Q/o.jpg,678 Hudson St,678 Hudson St,,New York,NY,10014,US,40.740409,-74.004978
bCNUrWXHB96NFcCgODGd9Q,Starbucks,50,3.0,$$,2,(212) 375-1415,https://www.yelp.com/biz/starbucks-new-york-446?adjust_creative=0wbs0iSeYd0wJkiEuTz28g&utm_campaign=yelp_api_v3&utm_medium=api_v3_business_search&utm_source=0wbs0iSeYd0wJkiEuTz28g,https://s3-media4.fl.yelpcdn.com/bphoto/bRX90omxtLT5jiG5eoirpQ/o.jpg,50 Lexington Ave,,,New York,NY,10010,US,40.740633,-73.984237
csbxFFvKpNoXXXarxv7Wsg,Starbucks,105,2.5,$$,2,(718) 384-6936,https://www.yelp.com/biz/starbucks-brooklyn-68?adjust_creative=0wbs0iSeYd0wJkiEuTz28g&utm_campaign=yelp_api_v3&utm_medium=api_v3_business_search&utm_source=0wbs0iSeYd0wJkiEuTz28g,https://s3-media2.fl.yelpcdn.com/bphoto/fqOTVmbLa568pNpFp2mwsQ/o.jpg,476 4th Ave,,,Brooklyn,NY,11215,US,40.66954366,-73.98980207
TF18eL-pz9xNCIR0Oz2SQA,Starbucks,42,3.0,$$,2,(212) 366-4672,https://www.yelp.com/biz/starbucks-new-york-222?adjust_creative=0wbs0iSeYd0wJkiEuTz28g&utm_campaign=yelp_api_v3&utm_medium=api_v3_business_search&utm_source=0wbs0iSeYd0wJkiEuTz28g,https://s3-media1.fl.yelpcdn.com/bphoto/HnRQsdxim6yq-gcIj-YD1w/o.jpg,14 W 23rd St,,,New York,NY,10010,US,40.74165139,-73.990294
ueW1VAYAN95SfmxDwt4K3w,Starbucks,63,2.5,$$,2,(212) 475-9025,https://www.yelp.com/biz/starbucks-new-york-445?adjust_creative=0wbs0iSeYd0wJkiEuTz28g&utm_campaign=yelp_api_v3&utm_medium=api_v3_business_search&utm_source=0wbs0iSeYd0wJkiEuTz28g,https://s3-media2.fl.yelpcdn.com/bphoto/O594XiI9I5YsMqPMPYdFZg/o.jpg,750 6th Ave,,,New York,NY,10010,US,40.74183337,-73.99326431
-2kUyfQrEBxYXfNKfDwAJQ,Starbucks,109,3.0,$$,2,(718) 369-3098,https://www.yelp.com/biz/starbucks-brooklyn-3?adjust_creative=0wbs0iSeYd0wJkiEuTz28g&utm_campaign=yelp_api_v3&utm_medium=api_v3_business_search&utm_source=0wbs0iSeYd0wJkiEuTz28g,https://s3-media1.fl.yelpcdn.com/bphoto/hlpn0z7859Qbj19vD-M0Fg/o.jpg,66 Nassau Ave,,,Brooklyn,NY,11222,US,40.723415,-73.95143391
doYomiwqLdNoP18iDrnLFg,Starbucks,23,4.0,,0,(646) 634-9309,https://www.yelp.com/biz/starbucks-new-york-596?adjust_creative=0wbs0iSeYd0wJkiEuTz28g&utm_campaign=yelp_api_v3&utm_medium=api_v3_business_search&utm_source=0wbs0iSeYd0wJkiEuTz28g,https://s3-media2.fl.yelpcdn.com/bphoto/MXZ6awJ_BsQR9cWFzHrSaw/o.jpg,393 3rd Ave,,,New York,NY,10016,US,40.741764,-73.980784
YedZkKHs52mU1UrcMPP_Sg,Starbucks,66,2.5,$$,2,(212) 254-2794,https://www.yelp.com/biz/starbucks-new-york-379?adjust_creative=0wbs0iSeYd0wJkiEuTz28g&utm_campaign=yelp_api_v3&utm_medium=api_v3_business_search&utm_source=0wbs0iSeYd0wJkiEuTz28g,https://s3-media1.fl.yelpcdn.com/bphoto/lV6HyYjYecFWFgIZvkC3hg/o.jpg,177 Eighth Ave,,,New York,NY,10011,US,40.7430196645682,-74.0003835105504
as27Zd4Rtv8yXPekqxrgIA,Starbucks,34,3.0,$$,2,(929) 214-9558,https://www.yelp.com/biz/starbucks-brooklyn-55?adjust_creative=0wbs0iSeYd0wJkiEuTz28g&utm_campaign=yelp_api_v3&utm_medium=api_v3_business_search&utm_source=0wbs0iSeYd0wJkiEuTz28g,https://s3-media2.fl.yelpcdn.com/bphoto/0vNJxT-mbu7RNrTxtTVdUg/o.jpg,124 8th Ave,,,New York,NY,10011,US,40.74308461471521,-74.00039756122115
gjWupETW3QAzdCNaE9q_mQ,Starbucks,85,3.5,$$,2,(212) 367-2050,https://www.yelp.com/biz/starbucks-new-york-121?adjust_creative=0wbs0iSeYd0wJkiEuTz28g&utm_campaign=yelp_api_v3&utm_medium=api_v3_business_search&utm_source=0wbs0iSeYd0wJkiEuTz28g,https://s3-media4.fl.yelpcdn.com/bphoto/sLrxna4Tv5aJjceysYnr9g/o.jpg,1140 Broadway,,,New York,NY,10010,US,40.7439141,-73.9887462
z6VEgG6Ow0wdvHzaZou8EA,Starbucks,19,3.5,,0,(718) 383-3750,https://www.yelp.com/biz/starbucks-brooklyn-60?adjust_creative=0wbs0iSeYd0wJkiEuTz28g&utm_campaign=yelp_api_v3&utm_medium=api_v3_business_search&utm_source=0wbs0iSeYd0wJkiEuTz28g,https://s3-media4.fl.yelpcdn.com/bphoto/7hqqnCg6Fv950F32zi34wQ/o.jpg,424 Park Ave S,,,New York,NY,10016,US,40.744169,-73.983712
uu1HQwjmDr_SmB-05J2EfQ,Starbucks,82,3.5,$$,2,(212) 481-4690,https://www.yelp.com/biz/starbucks-new-york-256?adjust_creative=0wbs0iSeYd0wJkiEuTz28g&utm_campaign=yelp_api_v3&utm_medium=api_v3_business_search&utm_source=0wbs0iSeYd0wJkiEuTz28g,https://s3-media1.fl.yelpcdn.com/bphoto/K747RC9t2bFPaCs18qUiFQ/o.jpg,776 Avenue Of The Americas,The Capitol At Chelsea,,New York,NY,10001,US,40.74506872,-73.99095278
Xh9s9vtU14P0n3xfGjSVfQ,Starbucks,41,3.0,$,1,(212) 414-8786,https://www.yelp.com/biz/starbucks-new-york-554?adjust_creative=0wbs0iSeYd0wJkiEuTz28g&utm_campaign=yelp_api_v3&utm_medium=api_v3_business_search&utm_source=0wbs0iSeYd0wJkiEuTz28g,https://s3-media4.fl.yelpcdn.com/bphoto/bnVIR7rzYCfmNgafHIQt5A/o.jpg,444 9th St,,,Brooklyn,NY,11215,US,40.66682928,-73.98187487
i6VGmpA_5BF20eb_tdu_qA,Starbucks,64,2.5,$$,2,(212) 462-2020,https://www.yelp.com/biz/starbucks-new-york-362?adjust_creative=0wbs0iSeYd0wJkiEuTz28g&utm_campaign=yelp_api_v3&utm_medium=api_v3_business_search&utm_source=0wbs0iSeYd0wJkiEuTz28g,https://s3-media2.fl.yelpcdn.com/bphoto/ZElzwICjhyoqulewOa3UIA/o.jpg,261 5th Ave,,,New York,NY,10016,US,40.745007,-73.98681
fXOXQQWIbfd01j4YGlUVyg,Starbucks,124,3.0,$$,2,(201) 332-2385,https://www.yelp.com/biz/starbucks-jersey-city-8?adjust_creative=0wbs0iSeYd0wJkiEuTz28g&utm_campaign=yelp_api_v3&utm_medium=api_v3_business_search&utm_source=0wbs0iSeYd0wJkiEuTz28g,https://s3-media2.fl.yelpcdn.com/bphoto/5CTOj6V00tG5h19_dSpKoQ/o.jpg,585 2nd Ave,,,New York,NY,10016,US,40.743799,-73.976832
7N9-NBlUEVll97PrSFYv-Q,Starbucks,64,3.0,$$,2,(212) 213-6519,https://www.yelp.com/biz/starbucks-new-york-181?adjust_creative=0wbs0iSeYd0wJkiEuTz28g&utm_campaign=yelp_api_v3&utm_medium=api_v3_business_search&utm_source=0wbs0iSeYd0wJkiEuTz28g,https://s3-media1.fl.yelpcdn.com/bphoto/Q6RnimxlF3tCCd5-i1FCDA/o.jpg,774 Broadway,,,Brooklyn,NY,11206,US,40.7000364,-73.941105
bvOlb-9UI6PakoiJpstX_g,Starbucks,71,2.0,$$,2,(201) 792-3109,https://www.yelp.com/biz/starbucks-jersey-city-5?adjust_creative=0wbs0iSeYd0wJkiEuTz28g&utm_campaign=yelp_api_v3&utm_medium=api_v3_business_search&utm_source=0wbs0iSeYd0wJkiEuTz28g,https://s3-media3.fl.yelpcdn.com/bphoto/YAb9XlRzYW75WSBEFiPcng/o.jpg,475 Park Ave S,,,New York,NY,10016,US,40.74548541,-73.9821856
7XU6Ie4gTzp_nmvXtX6xfw,Starbucks,88,3.5,$$,2,(718) 609-0467,https://www.yelp.com/biz/starbucks-brooklyn?adjust_creative=0wbs0iSeYd0wJkiEuTz28g&utm_campaign=yelp_api_v3&utm_medium=api_v3_business_search&utm_source=0wbs0iSeYd0wJkiEuTz28g,https://s3-media3.fl.yelpcdn.com/bphoto/5kPebUifgaXldmSFpGBy5A/o.jpg,591 1st Ave,,,New York,NY,10016,US,40.74369257,-73.97390831
zwvFJHtRw5L0a_OVn7cd0Q,Starbucks,46,2.5,$$,2,(929) 214-8871,https://www.yelp.com/biz/starbucks-brooklyn-49?adjust_creative=0wbs0iSeYd0wJkiEuTz28g&utm_campaign=yelp_api_v3&utm_medium=api_v3_business_search&utm_source=0wbs0iSeYd0wJkiEuTz28g,https://s3-media2.fl.yelpcdn.com/bphoto/Wl8WeJFUmGCJlz6CTJ6P1A/o.jpg,315 Seventh Ave,,,New York,NY,10001,US,40.7469616,-73.993224
gPKHZpX6sfTslBQfDgvCVg,Starbucks,43,3.0,$$,2,(212) 779-1557,https://www.yelp.com/biz/starbucks-new-york-119?adjust_creative=0wbs0iSeYd0wJkiEuTz28g&utm_campaign=yelp_api_v3&utm_medium=api_v3_business_search&utm_source=0wbs0iSeYd0wJkiEuTz28g,https://s3-media4.fl.yelpcdn.com/bphoto/i5dWlQXbdMJZXzhvFZ69Jw/o.jpg,3 Park Ave,,,New York,NY,10016,US,40.74676262,-73.98111412
D71sZqtfYHHU4-4wygHyHQ,Starbucks,60,2.0,$$,2,(646) 638-1571,https://www.yelp.com/biz/starbucks-new-york-496?adjust_creative=0wbs0iSeYd0wJkiEuTz28g&utm_campaign=yelp_api_v3&utm_medium=api_v3_business_search&utm_source=0wbs0iSeYd0wJkiEuTz28g,https://s3-media4.fl.yelpcdn.com/bphoto/r35-u-xNgA51Tgv4UBvftg/o.jpg,875 6th Ave,,,New York,NY,10001,US,40.74814382,-73.98927682
8iWto1WAB0eO91Kp-CYu1g,Starbucks,92,3.0,$,1,(212) 684-1299,https://www.yelp.com/biz/starbucks-new-york-149?adjust_creative=0wbs0iSeYd0wJkiEuTz28g&utm_campaign=yelp_api_v3&utm_medium=api_v3_business_search&utm_source=0wbs0iSeYd0wJkiEuTz28g,https://s3-media3.fl.yelpcdn.com/bphoto/H3mJfN_sByedKXwqYdf8tA/o.jpg,350 5th Ave,,,New York,NY,10001,US,40.74825899586054,-73.9851133451169
rPu3L6Jgm5w2FekzOBgW9w,Starbucks,40,3.0,$$,2,(917) 246-0280,https://www.yelp.com/biz/starbucks-brooklyn-56?adjust_creative=0wbs0iSeYd0wJkiEuTz28g&utm_campaign=yelp_api_v3&utm_medium=api_v3_business_search&utm_source=0wbs0iSeYd0wJkiEuTz28g,https://s3-media1.fl.yelpcdn.com/bphoto/1JYUSEbhUZT63RnnczpHVQ/o.jpg,350 5th Ave,Empire State Building,,New York,NY,10118,US,40.748245,-73.98511
Eld8sS7sP_4ka2aWGqvCGQ,Starbucks,20,3.0,$$,2,(347) 514-4698,https://www.yelp.com/biz/starbucks-new-york-536?adjust_creative=0wbs0iSeYd0wJkiEuTz28g&utm_campaign=yelp_api_v3&utm_medium=api_v3_business_search&utm_source=0wbs0iSeYd0wJkiEuTz28g,https://s3-media3.fl.yelpcdn.com/bphoto/FYS6sCPekv81MaJta8olmA/o.jpg,370 7th Ave,,,New York,NY,10001,US,40.7489882558304,-73.99236373
WqwADyaspxbly_-bVMmO3A,Starbucks,23,3.0,,0,(347) 852-0545,https://www.yelp.com/biz/starbucks-new-york-590?adjust_creative=0wbs0iSeYd0wJkiEuTz28g&utm_campaign=yelp_api_v3&utm_medium=api_v3_business_search&utm_source=0wbs0iSeYd0wJkiEuTz28g,https://s3-media1.fl.yelpcdn.com/bphoto/dp0qcG9fIS2DqQycf1XP0w/o.jpg,11 Pennsylvania Plz,"Starbucks, Pennsylvania Station",,New York,NY,10001,US,40.749295,-73.991467
MwdfVMiP_zkX5BE3TaMCWg,Starbucks,69,3.0,$$,2,(201) 876-0300,https://www.yelp.com/biz/starbucks-hoboken?adjust_creative=0wbs0iSeYd0wJkiEuTz28g&utm_campaign=yelp_api_v3&utm_medium=api_v3_business_search&utm_source=0wbs0iSeYd0wJkiEuTz28g,https://s3-media3.fl.yelpcdn.com/bphoto/4OAUussfj8Dw_K1x1nsmIA/o.jpg,Pennsylvania Station,,Amtrak Main Course,New York,NY,10001,US,40.7492206,-73.9906831
IEQsoguinwHzYYBGrmUYXA,Starbucks,18,2.0,$$,2,(201) 499-0017,https://www.yelp.com/biz/starbucks-jersey-city-6?adjust_creative=0wbs0iSeYd0wJkiEuTz28g&utm_campaign=yelp_api_v3&utm_medium=api_v3_business_search&utm_source=0wbs0iSeYd0wJkiEuTz28g,https://s3-media4.fl.yelpcdn.com/bphoto/C2EpxZwzEySmgoPTx84cRw/o.jpg,341 Eastern Pkwy,,,Brooklyn,NY,11238,US,40.6710895,-73.957572
ubBfbdci4Bs2mtOngfWkyA,Starbucks,80,2.0,$$,2,(646) 336-6462,https://www.yelp.com/biz/starbucks-new-york-232?adjust_creative=0wbs0iSeYd0wJkiEuTz28g&utm_campaign=yelp_api_v3&utm_medium=api_v3_business_search&utm_source=0wbs0iSeYd0wJkiEuTz28g,https://s3-media1.fl.yelpcdn.com/bphoto/Cp_Garc4rjPZnySyHczIaQ/o.jpg,200 Madison Ave,,,New York,NY,10016,US,40.749023,-73.98242507
EgXr4Kbs8iO3Ai5BqkXa3w,Starbucks,75,2.5,$$,2,(212) 629-6540,https://www.yelp.com/biz/starbucks-new-york-123?adjust_creative=0wbs0iSeYd0wJkiEuTz28g&utm_campaign=yelp_api_v3&utm_medium=api_v3_business_search&utm_source=0wbs0iSeYd0wJkiEuTz28g,https://s3-media2.fl.yelpcdn.com/bphoto/eN1VqZFAaExJ_OeK2f3jgA/o.jpg,373 5th Ave,,,New York,NY,10016,US,40.74914283,-73.98374891
pt5CjPgu2kkuQTsnv5QnjQ,Starbucks,23,3.0,$$,2,(212) 564-9141,https://www.yelp.com/biz/starbucks-new-york-459?adjust_creative=0wbs0iSeYd0wJkiEuTz28g&utm_campaign=yelp_api_v3&utm_medium=api_v3_business_search&utm_source=0wbs0iSeYd0wJkiEuTz28g,https://s3-media2.fl.yelpcdn.com/bphoto/7rU3zRmNUVwX3mpMqdkY2w/o.jpg,151 W 34th St,Macy's Herald Square,,New York,NY,10001,US,40.750843,-73.98943
ptxooaAssq6m15RTV7kPdg,Starbucks,110,2.5,$$,2,(646) 799-6365,https://www.yelp.com/biz/starbucks-new-york-535?adjust_creative=0wbs0iSeYd0wJkiEuTz28g&utm_campaign=yelp_api_v3&utm_medium=api_v3_business_search&utm_source=0wbs0iSeYd0wJkiEuTz28g,https://s3-media2.fl.yelpcdn.com/bphoto/W_lpbP6LKXsn6ncKU4ROOw/o.jpg,242 W 34th St,,,New York,NY,10119,US,40.75096633,-73.99135485
jj9BgHf4P5EniTDSfvyclQ,Starbucks,78,3.0,$$,2,(212) 967-2041,https://www.yelp.com/biz/starbucks-new-york-335?adjust_creative=0wbs0iSeYd0wJkiEuTz28g&utm_campaign=yelp_api_v3&utm_medium=api_v3_business_search&utm_source=0wbs0iSeYd0wJkiEuTz28g,https://s3-media4.fl.yelpcdn.com/bphoto/1e_d4dwFfi4Onya8nrVDzA/o.jpg,1 Penn Plaza Concourse Level,,,New York,NY,10119,US,40.751484,-73.992591
awAViLtjfsAhP4xXR05iTA,Starbucks,43,3.5,$$,2,(646) 477-8909,https://www.yelp.com/biz/starbucks-new-york-451?adjust_creative=0wbs0iSeYd0wJkiEuTz28g&utm_campaign=yelp_api_v3&utm_medium=api_v3_business_search&utm_source=0wbs0iSeYd0wJkiEuTz28g,https://s3-media3.fl.yelpcdn.com/bphoto/6k8xNNSWdChsyihoPeCHvw/o.jpg,977 Avenue Of The Americas,,,New York,NY,10018,US,40.75108409,-73.98721893
gMkHpBM00f_qxZ8TKYcVqQ,Starbucks,28,3.0,,0,(646) 477-8909,https://www.yelp.com/biz/starbucks-new-york-573?adjust_creative=0wbs0iSeYd0wJkiEuTz28g&utm_campaign=yelp_api_v3&utm_medium=api_v3_business_search&utm_source=0wbs0iSeYd0wJkiEuTz28g,https://s3-media4.fl.yelpcdn.com/bphoto/iHpPDVLhxU0GTCI4sQsfwg/o.jpg,605 3rd Ave,,,New York,NY,10016,US,40.74929242733697,-73.97517051642906
IFVwNfmkOJ0CSgILGpH29Q,Starbucks,71,3.0,$$,2,(718) 778-0140,https://www.yelp.com/biz/starbucks-brooklyn-64?adjust_creative=0wbs0iSeYd0wJkiEuTz28g&utm_campaign=yelp_api_v3&utm_medium=api_v3_business_search&utm_source=0wbs0iSeYd0wJkiEuTz28g,https://s3-media2.fl.yelpcdn.com/bphoto/YfG3vzCo09tVnwBe5cywDw/o.jpg,383 W 31st St,,Moynihan Train Hall,New York,NY,10001,US,40.75162049,-73.996548
BeXF0aM0zkJnfLe9rZV0LQ,Starbucks,56,3.0,$$,2,(212) 684-6873,https://www.yelp.com/biz/starbucks-new-york-447?adjust_creative=0wbs0iSeYd0wJkiEuTz28g&utm_campaign=yelp_api_v3&utm_medium=api_v3_business_search&utm_source=0wbs0iSeYd0wJkiEuTz28g,https://s3-media3.fl.yelpcdn.com/bphoto/q6jtgbpFPB52ZFb58yQ2fQ/o.jpg,90 Park Ave,,,New York,NY,10016,US,40.7507673,-73.9793811
zkpRCCgdlTiMS0i10t5x6w,Starbucks,89,2.5,$$,2,(201) 222-2491,https://www.yelp.com/biz/starbucks-hoboken-3?adjust_creative=0wbs0iSeYd0wJkiEuTz28g&utm_campaign=yelp_api_v3&utm_medium=api_v3_business_search&utm_source=0wbs0iSeYd0wJkiEuTz28g,https://s3-media3.fl.yelpcdn.com/bphoto/LYpSkkkdjt5wP_1Yw0gSSw/o.jpg,462 7th Ave,,,New York,NY,10018,US,40.75210472,-73.99030642
9geyoUfHITKKeoWETxKqVg,Starbucks,78,2.5,$,1,(212) 213-5363,https://www.yelp.com/biz/starbucks-new-york-322?adjust_creative=0wbs0iSeYd0wJkiEuTz28g&utm_campaign=yelp_api_v3&utm_medium=api_v3_business_search&utm_source=0wbs0iSeYd0wJkiEuTz28g,https://s3-media3.fl.yelpcdn.com/bphoto/UNMOkqGVJL8amGpcxVPs6A/o.jpg,360 Lexington Ave,,,New York,NY,10017,US,40.75053006,-73.9770422
PmevQ6Ocov-SuDGuNIyBEw,Starbucks,8,4.5,,0,(212) 239-6524,https://www.yelp.com/biz/starbucks-new-york-543?adjust_creative=0wbs0iSeYd0wJkiEuTz28g&utm_campaign=yelp_api_v3&utm_medium=api_v3_business_search&utm_source=0wbs0iSeYd0wJkiEuTz28g,https://s3-media2.fl.yelpcdn.com/bphoto/_buFpffNaOT3-eClLzOhKg/o.jpg,435 W 31st St,,,New York,NY,10001,US,40.75217525418722,-73.99892664077412
imsqPlJkRcmJFLfmAZeZKw,Starbucks,1,5.0,,0,(646) 819-3772,https://www.yelp.com/biz/starbucks-new-york-593?adjust_creative=0wbs0iSeYd0wJkiEuTz28g&utm_campaign=yelp_api_v3&utm_medium=api_v3_business_search&utm_source=0wbs0iSeYd0wJkiEuTz28g,https://s3-media4.fl.yelpcdn.com/bphoto/Jwf-lUazgyqBm2b90z3i7w/o.jpg,494 8th Ave,,,New York,NY,10001,US,40.75265632,-73.99282433
d6ZOWShp50qQHqkTHjzSFg,Starbucks,5,4.0,,0,(212) 736-3206,https://www.yelp.com/biz/starbucks-new-york-551?adjust_creative=0wbs0iSeYd0wJkiEuTz28g&utm_campaign=yelp_api_v3&utm_medium=api_v3_business_search&utm_source=0wbs0iSeYd0wJkiEuTz28g,https://s3-media2.fl.yelpcdn.com/bphoto/vN1vL5GjwBMj9o02I2NUag/o.jpg,600 8th Ave,Port Authority Bus Terminal,Port Authority South Wing,New York,NY,10018,US,40.7525974,-73.9928136
n1327JgL7TgBT7jDKMjA7A,Starbucks,60,2.0,$$,2,(212) 695-2915,https://www.yelp.com/biz/starbucks-new-york-443?adjust_creative=0wbs0iSeYd0wJkiEuTz28g&utm_campaign=yelp_api_v3&utm_medium=api_v3_business_search&utm_source=0wbs0iSeYd0wJkiEuTz28g,https://s3-media1.fl.yelpcdn.com/bphoto/q4ZKOrF00R-47yEUjni8WQ/o.jpg,330 W 34th St,,,New York,NY,10001,US,40.7525816,-73.9951022
bv81rNYg3NS1drk96I4raA,Starbucks,30,3.5,$$,2,(917) 574-4123,https://www.yelp.com/biz/starbucks-new-york-503?adjust_creative=0wbs0iSeYd0wJkiEuTz28g&utm_campaign=yelp_api_v3&utm_medium=api_v3_business_search&utm_source=0wbs0iSeYd0wJkiEuTz28g,https://s3-media2.fl.yelpcdn.com/bphoto/dLgvEvXbiFoRVo3zhluHCQ/o.jpg,150 E 42nd St,,,New York,NY,10017,US,40.750938,-73.975288
G4gL2_ASWbR0JVPW6IifuA,Starbucks,21,3.0,,0,(646) 385-3293,https://www.yelp.com/biz/starbucks-new-york-603?adjust_creative=0wbs0iSeYd0wJkiEuTz28g&utm_campaign=yelp_api_v3&utm_medium=api_v3_business_search&utm_source=0wbs0iSeYd0wJkiEuTz28g,https://s3-media3.fl.yelpcdn.com/bphoto/cHr_OGzmfwhrleeIDpeJSQ/o.jpg,125 Park Ave,,,New York,NY,10017,US,40.751774,-73.97765
MPV-rSjFjfxJDjOV97NwUw,Starbucks,40,3.0,$$,2,(212) 661-5489,https://www.yelp.com/biz/starbucks-new-york-241?adjust_creative=0wbs0iSeYd0wJkiEuTz28g&utm_campaign=yelp_api_v3&utm_medium=api_v3_business_search&utm_source=0wbs0iSeYd0wJkiEuTz28g,https://s3-media1.fl.yelpcdn.com/bphoto/LuZkAa2UD5lBRSvmqX5Wiw/o.jpg,1040 6th Ave,,,New York,NY,10018,US,40.753126,-73.985083
l7xJlfmn8N4DD1oxfR_rIA,Starbucks,85,2.0,$$,2,(212) 279-6432,https://www.yelp.com/biz/starbucks-new-york-220?adjust_creative=0wbs0iSeYd0wJkiEuTz28g&utm_campaign=yelp_api_v3&utm_medium=api_v3_business_search&utm_source=0wbs0iSeYd0wJkiEuTz28g,https://s3-media4.fl.yelpcdn.com/bphoto/L9yEsBrc2w-QDqcf_HPYVg/o.jpg,450 W 33rd St,,,New York,NY,10001,US,40.75359080000002,-73.99942564110447
1zZt1pkpkst4NDqqneqvWg,Starbucks,70,2.5,$$,2,(212) 953-1662,https://www.yelp.com/biz/starbucks-new-york-218?adjust_creative=0wbs0iSeYd0wJkiEuTz28g&utm_campaign=yelp_api_v3&utm_medium=api_v3_business_search&utm_source=0wbs0iSeYd0wJkiEuTz28g,https://s3-media3.fl.yelpcdn.com/bphoto/-AeCe0DU-tmTrIYFN9Fj4w/o.jpg,485 Fifth Ave,,,New York,NY,10017,US,40.75295486,-73.98106181
wN8ZuLAksABH2FzTOdneRQ,Starbucks,5,4.0,,0,(929) 924-5047,https://www.yelp.com/biz/starbucks-new-york-634?adjust_creative=0wbs0iSeYd0wJkiEuTz28g&utm_campaign=yelp_api_v3&utm_medium=api_v3_business_search&utm_source=0wbs0iSeYd0wJkiEuTz28g,https://s3-media3.fl.yelpcdn.com/bphoto/A9Wb0nMUesDTpfzEUKyI2Q/o.jpg,685 3rd Ave,,,New York,NY,10017,US,40.751828094377174,-73.97341765845047
0IOMQtfS3T9O8HZGBLqcIQ,Starbucks,145,2.5,$$,2,(212) 947-3860,https://www.yelp.com/biz/starbucks-new-york-144?adjust_creative=0wbs0iSeYd0wJkiEuTz28g&utm_campaign=yelp_api_v3&utm_medium=api_v3_business_search&utm_source=0wbs0iSeYd0wJkiEuTz28g,https://s3-media3.fl.yelpcdn.com/bphoto/UURtQjCv5E3unszl4tfJIg/o.jpg,425 Lexington Ave,,,New York,NY,10166,US,40.75243382,-73.97493509
wEQ7AqEk50IIftenTBduDg,Starbucks,65,2.0,$$,2,(212) 273-9613,https://www.yelp.com/biz/starbucks-new-york-361?adjust_creative=0wbs0iSeYd0wJkiEuTz28g&utm_campaign=yelp_api_v3&utm_medium=api_v3_business_search&utm_source=0wbs0iSeYd0wJkiEuTz28g,https://s3-media4.fl.yelpcdn.com/bphoto/RWvAQlDldZfG2K06BL9v9w/o.jpg,1411 Broadway,,,New York,NY,10018,US,40.754361,-73.987257
tgRdyqhFsfmAxVHLEbp0Hg,Starbucks,7,3.0,,0,(917) 576-1959,https://www.yelp.com/biz/starbucks-new-york-586?adjust_creative=0wbs0iSeYd0wJkiEuTz28g&utm_campaign=yelp_api_v3&utm_medium=api_v3_business_search&utm_source=0wbs0iSeYd0wJkiEuTz28g,https://s3-media3.fl.yelpcdn.com/bphoto/tK_CoBf40ZIdrGnjktuv4g/o.jpg,34 Hudson Yards,Ste B,,New York,NY,10001,US,40.75478459080963,-74.0019329
fga6-O2R_ckKi1XegFWm-Q,Starbucks,64,2.5,$$,2,(212) 949-4122,https://www.yelp.com/biz/starbucks-new-york-441?adjust_creative=0wbs0iSeYd0wJkiEuTz28g&utm_campaign=yelp_api_v3&utm_medium=api_v3_business_search&utm_source=0wbs0iSeYd0wJkiEuTz28g,https://s3-media3.fl.yelpcdn.com/bphoto/01Wlt9VEP5KxVCWVWTbu6g/o.jpg,7800 Grand Central Station,Grand Central Station,,New York,NY,10017,US,40.753734588623,-73.9737014770508
Pd6TPlx3VTWRlpAc843qrg,Starbucks,31,3.0,$$,2,(212) 557-2718,https://www.yelp.com/biz/starbucks-new-york-350?adjust_creative=0wbs0iSeYd0wJkiEuTz28g&utm_campaign=yelp_api_v3&utm_medium=api_v3_business_search&utm_source=0wbs0iSeYd0wJkiEuTz28g,https://s3-media1.fl.yelpcdn.com/bphoto/q817x-5byPlEFfOuPh52oQ/o.jpg,340 Madison Ave,,,New York,NY,10173,US,40.753901,-73.978693
7zxK1_vdhzjIbORD3DsRKA,Starbucks,36,2.5,$,1,(212) 302-2132,https://www.yelp.com/biz/starbucks-new-york-469?adjust_creative=0wbs0iSeYd0wJkiEuTz28g&utm_campaign=yelp_api_v3&utm_medium=api_v3_business_search&utm_source=0wbs0iSeYd0wJkiEuTz28g,https://s3-media3.fl.yelpcdn.com/bphoto/tMQb55Q8inF9hYTdErsugg/o.jpg,241 37th St,Ste 1-1-B15,,Brooklyn,NY,11232,US,40.65586298,-74.00817192
uiLtRl-WUXZe9Zzkt01ffA,Starbucks,25,2.5,$,1,(646) 648-3696,https://www.yelp.com/biz/starbucks-new-york-540?adjust_creative=0wbs0iSeYd0wJkiEuTz28g&utm_campaign=yelp_api_v3&utm_medium=api_v3_business_search&utm_source=0wbs0iSeYd0wJkiEuTz28g,https://s3-media4.fl.yelpcdn.com/bphoto/X6ruXGiCRwkRoZOQ7yckAQ/o.jpg,1101 - 1109 Avenue Of The Americas,,,New York,NY,10036,US,40.75571191,-73.98430011
VOki3NPJF1oFN6B6UBGOmA,Starbucks,74,2.5,$$,2,(212) 869-5273,https://www.yelp.com/biz/starbucks-new-york-532?adjust_creative=0wbs0iSeYd0wJkiEuTz28g&utm_campaign=yelp_api_v3&utm_medium=api_v3_business_search&utm_source=0wbs0iSeYd0wJkiEuTz28g,https://s3-media2.fl.yelpcdn.com/bphoto/pZOPx-GNZhgntt-RA2LaOQ/o.jpg,620 Eighth Ave,,,New York,NY,10018,US,40.75611114362939,-73.9901957048031
f0pBjr-JqvQ01RtjE13xdg,Starbucks,7,3.0,,0,(646) 585-6210,https://www.yelp.com/biz/starbucks-new-york-611?adjust_creative=0wbs0iSeYd0wJkiEuTz28g&utm_campaign=yelp_api_v3&utm_medium=api_v3_business_search&utm_source=0wbs0iSeYd0wJkiEuTz28g,https://s3-media3.fl.yelpcdn.com/bphoto/Q7iWht_scg0wigOsOei5ig/o.jpg,2 W 45th St,,,New York,NY,10036,US,40.7555695,-73.980208
_9nTH50K42Yme41Ue1SKRQ,Starbucks,48,3.0,$,1,(646) 865-1250,https://www.yelp.com/biz/starbucks-new-york-373?adjust_creative=0wbs0iSeYd0wJkiEuTz28g&utm_campaign=yelp_api_v3&utm_medium=api_v3_business_search&utm_source=0wbs0iSeYd0wJkiEuTz28g,https://s3-media2.fl.yelpcdn.com/bphoto/Y9cefEvqsj3JjQDVUx2lFA/o.jpg,1500 Broadway,,,New York,NY,10036,US,40.756694,-73.985893
oKT6WYRcv0COwu--8hfIOw,Starbucks,44,2.5,$,1,(212) 922-3589,https://www.yelp.com/biz/starbucks-new-york-384?adjust_creative=0wbs0iSeYd0wJkiEuTz28g&utm_campaign=yelp_api_v3&utm_medium=api_v3_business_search&utm_source=0wbs0iSeYd0wJkiEuTz28g,https://s3-media2.fl.yelpcdn.com/bphoto/jnspbtiCFS-MEnav771U0A/o.jpg,757 3rd Ave,,,New York,NY,10017,US,40.75417,-73.97173805
ACFddvldZo7aWUSk5CFbGw,Starbucks,78,2.0,$$,2,(917) 675-2766,https://www.yelp.com/biz/starbucks-new-york-516?adjust_creative=0wbs0iSeYd0wJkiEuTz28g&utm_campaign=yelp_api_v3&utm_medium=api_v3_business_search&utm_source=0wbs0iSeYd0wJkiEuTz28g,https://s3-media2.fl.yelpcdn.com/bphoto/m_nUFn6q3Gm-tYgZD5q6aA/o.jpg,655 W 34th St,,Javits Convention Ctr Taxi North,New York,NY,10001,US,40.75695736,-74.00347251
BXkOp7IXVNDC98SxyM002Q,Starbucks,17,4.0,,0,(917) 764-2042,https://www.yelp.com/biz/starbucks-new-york-613?adjust_creative=0wbs0iSeYd0wJkiEuTz28g&utm_campaign=yelp_api_v3&utm_medium=api_v3_business_search&utm_source=0wbs0iSeYd0wJkiEuTz28g,https://s3-media2.fl.yelpcdn.com/bphoto/TqWF-sV2ueBZP-WFFG1cOw/o.jpg,511 Lexington Ave,,,New York,NY,10017,US,40.75500416,-73.97321673
__OxnxuxnxJi8-xgYEwFhw,Starbucks,73,2.5,$$,2,(212) 370-4161,https://www.yelp.com/biz/starbucks-new-york-158?adjust_creative=0wbs0iSeYd0wJkiEuTz28g&utm_campaign=yelp_api_v3&utm_medium=api_v3_business_search&utm_source=0wbs0iSeYd0wJkiEuTz28g,https://s3-media1.fl.yelpcdn.com/bphoto/8PxQVLwvzbZx382P4CjblA/o.jpg,485 5th Ave,,,New York,NY,10017,US,40.756425,-73.978301
2bfClDnQuYsGhtU46jd_QQ,Starbucks,11,3.5,$,1,(212) 867-0928,https://www.yelp.com/biz/starbucks-new-york-194?adjust_creative=0wbs0iSeYd0wJkiEuTz28g&utm_campaign=yelp_api_v3&utm_medium=api_v3_business_search&utm_source=0wbs0iSeYd0wJkiEuTz28g,https://s3-media1.fl.yelpcdn.com/bphoto/NKoCHFqcbWdYJHHT7f6glQ/o.jpg,55 W 46th St,,,New York,NY,10036,US,40.75708906,-73.98114
9sy5bAFcKLNIohhaI4ekPg,Starbucks,16,4.0,,0,(718) 786-8881,https://www.yelp.com/biz/starbucks-long-island-city-5?adjust_creative=0wbs0iSeYd0wJkiEuTz28g&utm_campaign=yelp_api_v3&utm_medium=api_v3_business_search&utm_source=0wbs0iSeYd0wJkiEuTz28g,https://s3-media1.fl.yelpcdn.com/bphoto/UQfNyQnpON1RWz36lA_jfQ/o.jpg,684 8th Ave,,,New York,NY,10036,US,40.758001,-73.989036
_VJEvBodSN3t-iB0nRB8bg,Starbucks,9,2.5,,0,(929) 298-9559,https://www.yelp.com/biz/starbucks-brooklyn-81?adjust_creative=0wbs0iSeYd0wJkiEuTz28g&utm_campaign=yelp_api_v3&utm_medium=api_v3_business_search&utm_source=0wbs0iSeYd0wJkiEuTz28g,https://s3-media1.fl.yelpcdn.com/bphoto/-8c3zqAnByCjq365y5E_mw/o.jpg,152 W 45th St,,,New York,NY,10036,US,40.75764781,-73.9851028
HBLIsEMgnNSxdMItaTSbEA,Starbucks,6,3.0,,0,(212) 382-3917,https://www.yelp.com/biz/starbucks-new-york-546?adjust_creative=0wbs0iSeYd0wJkiEuTz28g&utm_campaign=yelp_api_v3&utm_medium=api_v3_business_search&utm_source=0wbs0iSeYd0wJkiEuTz28g,https://s3-media2.fl.yelpcdn.com/bphoto/LiSKqPW487Jh1JOack49ig/o.jpg,655 W 34th St,,Starbucks Level 3 Jacob Javits Cemt,New York,NY,10001,US,40.757815,-74.002465
Xf_ml1NElTjBmIgLtOBgfA,Starbucks,4,3.5,,0,(646) 868-0222,https://www.yelp.com/biz/starbucks-new-york-622?adjust_creative=0wbs0iSeYd0wJkiEuTz28g&utm_campaign=yelp_api_v3&utm_medium=api_v3_business_search&utm_source=0wbs0iSeYd0wJkiEuTz28g,https://s3-media2.fl.yelpcdn.com/bphoto/_cgwCHn_4FoDY3jE5x74pw/o.jpg,280 Park Ave,,,New York,NY,10017,US,40.756642,-73.975064
mTdtcmYwuPUqQS0bRJlh7A,Starbucks,49,2.5,$$,2,(212) 869-0619,https://www.yelp.com/biz/starbucks-new-york-423?adjust_creative=0wbs0iSeYd0wJkiEuTz28g&utm_campaign=yelp_api_v3&utm_medium=api_v3_business_search&utm_source=0wbs0iSeYd0wJkiEuTz28g,https://s3-media4.fl.yelpcdn.com/bphoto/XMQJ0WO-HafL_a0wzNvVmA/o.jpg,593 9th Ave,,,New York,NY,10036,US,40.758994,-73.992474
SYOQooRo_AsgMQoAZEIWWg,Starbucks,66,2.5,$$,2,(201) 792-5400,https://www.yelp.com/biz/starbucks-hoboken-2?adjust_creative=0wbs0iSeYd0wJkiEuTz28g&utm_campaign=yelp_api_v3&utm_medium=api_v3_business_search&utm_source=0wbs0iSeYd0wJkiEuTz28g,https://s3-media4.fl.yelpcdn.com/bphoto/4YiBLM9og5Ch69AZMmfy-A/o.jpg,28 W 48th St,,,New York,NY,10036,US,40.757794,-73.979604
8NHISsd0gKhyPNJoqhEqnA,Starbucks,130,2.5,$,1,(212) 221-7515,https://www.yelp.com/biz/starbucks-new-york-124?adjust_creative=0wbs0iSeYd0wJkiEuTz28g&utm_campaign=yelp_api_v3&utm_medium=api_v3_business_search&utm_source=0wbs0iSeYd0wJkiEuTz28g,https://s3-media1.fl.yelpcdn.com/bphoto/7GeOtlPLtA1xAJoPfAKuYA/o.jpg,1535 Broadway,,Marriott Marquis - Street Level,New York,NY,10036,US,40.75863902,-73.98618498
aH37086js9K_v-fExGc0OA,Starbucks,40,3.0,$$,2,(212) 715-9884,https://www.yelp.com/biz/starbucks-new-york-155?adjust_creative=0wbs0iSeYd0wJkiEuTz28g&utm_campaign=yelp_api_v3&utm_medium=api_v3_business_search&utm_source=0wbs0iSeYd0wJkiEuTz28g,https://s3-media4.fl.yelpcdn.com/bphoto/5mSedEhYKZ2b7Suj7_yOqg/o.jpg,560 Lexington Ave,,,New York,NY,10022,US,40.75685622,-73.97247494
OwtKf-ePwLX0z46bQ6I60g,Starbucks,5,1.5,,0,(212) 216-5109,https://www.yelp.com/biz/starbucks-new-york-570?adjust_creative=0wbs0iSeYd0wJkiEuTz28g&utm_campaign=yelp_api_v3&utm_medium=api_v3_business_search&utm_source=0wbs0iSeYd0wJkiEuTz28g,https://s3-media3.fl.yelpcdn.com/bphoto/2c9IaJiWUTulPMzgAcuSTQ/o.jpg,30 Rockefeller Plz,,,New York,NY,10112,US,40.75938054974949,-73.9799744778908
_kAKIwIXClxsBfb-Ln1juw,Starbucks,29,3.0,$,1,(212) 486-1964,https://www.yelp.com/biz/starbucks-new-york-505?adjust_creative=0wbs0iSeYd0wJkiEuTz28g&utm_campaign=yelp_api_v3&utm_medium=api_v3_business_search&utm_source=0wbs0iSeYd0wJkiEuTz28g,https://s3-media1.fl.yelpcdn.com/bphoto/kZpXclffIq8mno8KlY5rNg/o.jpg,45 E 51st St,,,New York,NY,10022,US,40.758321,-73.97407299999999
lthdRLb9_QPCfDa3i2BpUw,Starbucks,59,2.0,$$$,3,(212) 490-3189,https://www.yelp.com/biz/starbucks-new-york-563?adjust_creative=0wbs0iSeYd0wJkiEuTz28g&utm_campaign=yelp_api_v3&utm_medium=api_v3_business_search&utm_source=0wbs0iSeYd0wJkiEuTz28g,https://s3-media1.fl.yelpcdn.com/bphoto/jIFFCuw36mm1FXWby0ZPhg/o.jpg,770 8th Ave,,,New York,NY,10036,US,40.760489,-73.987177
zfOaYbyx5RAa91Qw_ThsPQ,Starbucks,11,2.5,$$,2,(646) 647-5558,https://www.yelp.com/biz/starbucks-new-york-519?adjust_creative=0wbs0iSeYd0wJkiEuTz28g&utm_campaign=yelp_api_v3&utm_medium=api_v3_business_search&utm_source=0wbs0iSeYd0wJkiEuTz28g,https://s3-media2.fl.yelpcdn.com/bphoto/3jsaqcMl5cW_o2KwHrYw9g/o.jpg,969 1st Ave,,,New York,NY,10022,US,40.756047,-73.964801
AvV-Za0B1yfE5-w0GtUAPw,Starbucks,85,2.5,$$,2,(212) 398-9702,https://www.yelp.com/biz/starbucks-new-york-162?adjust_creative=0wbs0iSeYd0wJkiEuTz28g&utm_campaign=yelp_api_v3&utm_medium=api_v3_business_search&utm_source=0wbs0iSeYd0wJkiEuTz28g,https://s3-media1.fl.yelpcdn.com/bphoto/bnD1_oCvryfehbR1P_dxcg/o.jpg,875 3rd Ave,,,New York,NY,10022,US,40.75737108,-73.96922656
hoAgU6rvhBucpgPfhwTQ5Q,Starbucks,21,3.0,,0,(929) 237-5917,https://www.yelp.com/biz/starbucks-new-york-539?adjust_creative=0wbs0iSeYd0wJkiEuTz28g&utm_campaign=yelp_api_v3&utm_medium=api_v3_business_search&utm_source=0wbs0iSeYd0wJkiEuTz28g,https://s3-media2.fl.yelpcdn.com/bphoto/0KhG0ruz1Qvk5gjy-UbTmw/o.jpg,55 E 52nd St,,Park Avenue Plz,New York,NY,10022,US,40.75880689,-73.97338566
0HfEodVz4GmQ53P0oo8OLg,Starbucks,27,1.5,$$,2,(212) 216-5109,https://www.yelp.com/biz/starbucks-new-york-360?adjust_creative=0wbs0iSeYd0wJkiEuTz28g&utm_campaign=yelp_api_v3&utm_medium=api_v3_business_search&utm_source=0wbs0iSeYd0wJkiEuTz28g,https://s3-media4.fl.yelpcdn.com/bphoto/b69S38xeLo6eE3LjKyvVOQ/o.jpg,750 7th Ave,,,New York,NY,10019,US,40.76075125,-73.98382023
1uxhGw-g7gt26Jhx1f9g5w,Starbucks,17,2.5,$$,2,(212) 682-2586,https://www.yelp.com/biz/starbucks-new-york-534?adjust_creative=0wbs0iSeYd0wJkiEuTz28g&utm_campaign=yelp_api_v3&utm_medium=api_v3_business_search&utm_source=0wbs0iSeYd0wJkiEuTz28g,https://s3-media1.fl.yelpcdn.com/bphoto/hzaXb-XDXqLmuZKSbgsgFQ/o.jpg,572 11th Ave,Ste A,,New York,NY,10036,US,40.76147,-73.997377
OIAgV2PyvUNIEbXNoOesow,Starbucks,47,2.5,$$,2,(212) 644-9462,https://www.yelp.com/biz/starbucks-new-york-400?adjust_creative=0wbs0iSeYd0wJkiEuTz28g&utm_campaign=yelp_api_v3&utm_medium=api_v3_business_search&utm_source=0wbs0iSeYd0wJkiEuTz28g,https://s3-media1.fl.yelpcdn.com/bphoto/bQiRKfX9oE-iiLUdnrFkXg/o.jpg,515 Madison Ave,,,New York,NY,10022,US,40.759586,-73.9736
HASU2eEA0s-jMrDLiiknPA,Starbucks,95,2.5,$,1,(212) 594-7846,https://www.yelp.com/biz/starbucks-new-york-331?adjust_creative=0wbs0iSeYd0wJkiEuTz28g&utm_campaign=yelp_api_v3&utm_medium=api_v3_business_search&utm_source=0wbs0iSeYd0wJkiEuTz28g,https://s3-media2.fl.yelpcdn.com/bphoto/CkH8BKBF06DfBnSLRJZdpw/o.jpg,1290 6th Ave,,,New York,NY,10019,US,40.7607947,-73.97913009
t8_nm5-yk8ArhZjT3nHxRA,Starbucks,34,2.5,$$,2,(646) 860-8626,https://www.yelp.com/biz/starbucks-new-york-504?adjust_creative=0wbs0iSeYd0wJkiEuTz28g&utm_campaign=yelp_api_v3&utm_medium=api_v3_business_search&utm_source=0wbs0iSeYd0wJkiEuTz28g,https://s3-media4.fl.yelpcdn.com/bphoto/oIkDqPkFFas4-JCrWEA4bg/o.jpg,325 W 49th St,,,New York,NY,10019,US,40.7622152,-73.9875023
UgjaEX9ssUmISd63QdLiyw,Starbucks,31,2.0,$,1,(646) 517-6146,https://www.yelp.com/biz/starbucks-new-york-430?adjust_creative=0wbs0iSeYd0wJkiEuTz28g&utm_campaign=yelp_api_v3&utm_medium=api_v3_business_search&utm_source=0wbs0iSeYd0wJkiEuTz28g,https://s3-media2.fl.yelpcdn.com/bphoto/PiNpk_Lfuy_fbp455bnhxQ/o.jpg,655 Lexington Ave,,,New York,NY,10022,US,40.759481,-73.970033
3zns2CUA4SW4X5rXF8rD2g,Starbucks,35,2.5,$$,2,(212) 751-2937,https://www.yelp.com/biz/starbucks-new-york-566?adjust_creative=0wbs0iSeYd0wJkiEuTz28g&utm_campaign=yelp_api_v3&utm_medium=api_v3_business_search&utm_source=0wbs0iSeYd0wJkiEuTz28g,https://s3-media1.fl.yelpcdn.com/bphoto/JlNVRqz5isPUReggUZnw3A/o.jpg,1633 Broadway,,,New York,NY,10019,US,40.76209078,-73.98444342
DTRLsTwx0534Iv-0xfXijA,Starbucks,32,2.5,$$,2,(212) 688-8490,https://www.yelp.com/biz/starbucks-new-york-565?adjust_creative=0wbs0iSeYd0wJkiEuTz28g&utm_campaign=yelp_api_v3&utm_medium=api_v3_business_search&utm_source=0wbs0iSeYd0wJkiEuTz28g,https://s3-media1.fl.yelpcdn.com/bphoto/DjPpJBXUEAmhmh2jk6nDaw/o.jpg,1290 6th Ave,,,New York,NY,10019,US,40.76190905,-73.97964256
FBlBOpaJirkKW0nVIwVB6Q,Starbucks,73,3.0,$$,2,(212) 830-9001,https://www.yelp.com/biz/starbucks-new-york-342?adjust_creative=0wbs0iSeYd0wJkiEuTz28g&utm_campaign=yelp_api_v3&utm_medium=api_v3_business_search&utm_source=0wbs0iSeYd0wJkiEuTz28g,https://s3-media2.fl.yelpcdn.com/bphoto/a0ZNgouMx7_ElO5rIozplQ/o.jpg,1657 Broadway,,,New York,NY,10019,US,40.762426,-73.9836332
adpldzX9R1GEBwPht9PL8w,Starbucks,30,3.0,$$,2,(347) 501-0264,https://www.yelp.com/biz/starbucks-new-york-501?adjust_creative=0wbs0iSeYd0wJkiEuTz28g&utm_campaign=yelp_api_v3&utm_medium=api_v3_business_search&utm_source=0wbs0iSeYd0wJkiEuTz28g,https://s3-media4.fl.yelpcdn.com/bphoto/BV3izBJMR3PgV-N8prr2DQ/o.jpg,1065 2nd Ave,,,New York,NY,10022,US,40.7589491,-73.9657952
OpaBrd9NblsmguvSl-7NDg,Starbucks,58,2.5,$$,2,(646) 477-4945,https://www.yelp.com/biz/starbucks-new-york-437?adjust_creative=0wbs0iSeYd0wJkiEuTz28g&utm_campaign=yelp_api_v3&utm_medium=api_v3_business_search&utm_source=0wbs0iSeYd0wJkiEuTz28g,https://s3-media1.fl.yelpcdn.com/bphoto/AysKgke5J-Gw-trHA3vXdQ/o.jpg,871 8th Ave,,,New York,NY,10019,US,40.763714,-73.985313
G-P1VKUnbDC1TxVwwtS4Xw,Starbucks,51,2.0,$$,2,(212) 974-0032,https://www.yelp.com/biz/starbucks-new-york-564?adjust_creative=0wbs0iSeYd0wJkiEuTz28g&utm_campaign=yelp_api_v3&utm_medium=api_v3_business_search&utm_source=0wbs0iSeYd0wJkiEuTz28g,https://s3-media1.fl.yelpcdn.com/bphoto/xakXHgqkR5W3EuRkFkox6w/o.jpg,1700 Broadway,,,New York,NY,10019,US,40.763735,-73.982344
nR5mZNG1QQ5dVUIqKN8Rkg,Starbucks,17,2.5,,0,(212) 967-2227,https://www.yelp.com/biz/starbucks-new-york-595?adjust_creative=0wbs0iSeYd0wJkiEuTz28g&utm_campaign=yelp_api_v3&utm_medium=api_v3_business_search&utm_source=0wbs0iSeYd0wJkiEuTz28g,https://s3-media4.fl.yelpcdn.com/bphoto/9BZimhhh3x_k0TkW70NmhA/o.jpg,135 E 57th St,,,New York,NY,10022,US,40.761316,-73.969035
sswuN6W-p8wpIeQIoGuHmQ,Starbucks,40,3.5,$$,2,(212) 371-3758,https://www.yelp.com/biz/starbucks-new-york-318?adjust_creative=0wbs0iSeYd0wJkiEuTz28g&utm_campaign=yelp_api_v3&utm_medium=api_v3_business_search&utm_source=0wbs0iSeYd0wJkiEuTz28g,https://s3-media3.fl.yelpcdn.com/bphoto/9WKkVGVJt1S-EUWARGZNLw/o.jpg,731 Lexington Ave,,,New York,NY,10022,US,40.761399,-73.96788
4VwDtb5wOxfaXFOvTp7C6A,Starbucks,29,2.5,$$,2,(212) 977-4861,https://www.yelp.com/biz/starbucks-new-york-531?adjust_creative=0wbs0iSeYd0wJkiEuTz28g&utm_campaign=yelp_api_v3&utm_medium=api_v3_business_search&utm_source=0wbs0iSeYd0wJkiEuTz28g,https://s3-media1.fl.yelpcdn.com/bphoto/J-1VknLwS5myzbHmEt2G6w/o.jpg,1290 6th Ave,,,New York,NY,10019,US,40.763632,-73.977353
Hb7SyfmB1BVYNITYxaoeBQ,Starbucks,64,3.0,$,1,(212) 765-2205,https://www.yelp.com/biz/starbucks-new-york-188?adjust_creative=0wbs0iSeYd0wJkiEuTz28g&utm_campaign=yelp_api_v3&utm_medium=api_v3_business_search&utm_source=0wbs0iSeYd0wJkiEuTz28g,https://s3-media1.fl.yelpcdn.com/bphoto/KhW30tsAMAphSX1NOvjxwA/o.jpg,870 7th Ave,,,New York,NY,10019,US,40.76441851341697,-73.98107993462965
4hLo1-5ee0mOEND655zP9A,Starbucks,34,3.0,$$,2,(212) 308-5717,https://www.yelp.com/biz/starbucks-new-york-470?adjust_creative=0wbs0iSeYd0wJkiEuTz28g&utm_campaign=yelp_api_v3&utm_medium=api_v3_business_search&utm_source=0wbs0iSeYd0wJkiEuTz28g,https://s3-media2.fl.yelpcdn.com/bphoto/U4fDTYn-6WTNEiL7Ey1fMw/o.jpg,600 Madison Ave,,,New York,NY,10022,US,40.7631,-73.97247
aX_gVpvbGRc0jnp9MFP4pg,Starbucks,1,4.0,,0,(212) 247-2527,https://www.yelp.com/biz/starbucks-new-york-580?adjust_creative=0wbs0iSeYd0wJkiEuTz28g&utm_campaign=yelp_api_v3&utm_medium=api_v3_business_search&utm_source=0wbs0iSeYd0wJkiEuTz28g,https://s3-media3.fl.yelpcdn.com/bphoto/qrrW8GqKzwataz4PtHrcSQ/o.jpg,1102 1st Ave,,,New York,NY,10065,US,40.760397,-73.961123
tLonaIvNCHQI-9cDvo_dyQ,Starbucks,41,3.5,$$,2,(347) 533-2101,https://www.yelp.com/biz/starbucks-long-island-city-3?adjust_creative=0wbs0iSeYd0wJkiEuTz28g&utm_campaign=yelp_api_v3&utm_medium=api_v3_business_search&utm_source=0wbs0iSeYd0wJkiEuTz28g,https://s3-media3.fl.yelpcdn.com/bphoto/rvjx3jwkJn1b4NNaE8Qdkg/o.jpg,455 Main St,,,New York,NY,10044,US,40.759305,-73.952917
-UKGH0bcyLNMmTeFlx0qdA,Starbucks,20,3.5,$$,2,(212) 974-0902,https://www.yelp.com/biz/starbucks-new-york-620?adjust_creative=0wbs0iSeYd0wJkiEuTz28g&utm_campaign=yelp_api_v3&utm_medium=api_v3_business_search&utm_source=0wbs0iSeYd0wJkiEuTz28g,https://s3-media4.fl.yelpcdn.com/bphoto/3hTBMHSUQWh5XuIu-0h40w/o.jpg,240 Central Park S,,,New York,NY,10019,US,40.7670726,-73.9810516
0kjpsPQX5ynSXZ1aufBizw,Starbucks,38,2.5,$,1,,https://www.yelp.com/biz/starbucks-new-york-598?adjust_creative=0wbs0iSeYd0wJkiEuTz28g&utm_campaign=yelp_api_v3&utm_medium=api_v3_business_search&utm_source=0wbs0iSeYd0wJkiEuTz28g,https://s3-media1.fl.yelpcdn.com/bphoto/03LB1jy7SQ2XzlHAcpUzAw/o.jpg,1000 S Eighth Ave,Ste 34,,New York,NY,10019,US,40.7673085651789,-73.9824502542615
zONp4aFgz6qo2bCsrkOIlw,Starbucks,3,4.0,,0,(929) 558-1500,https://www.yelp.com/biz/starbucks-new-york-616?adjust_creative=0wbs0iSeYd0wJkiEuTz28g&utm_campaign=yelp_api_v3&utm_medium=api_v3_business_search&utm_source=0wbs0iSeYd0wJkiEuTz28g,https://s3-media4.fl.yelpcdn.com/bphoto/sxK_oMTz7tDhZVPs_eTAig/o.jpg,4 Columbus Cir,,,New York,NY,10019,US,40.767544,-73.983013
BbExaFiP9j_65xtI3B2cAA,Dunkin' Donuts,6,3.5,$,1,(212) 656-2145,https://www.yelp.com/biz/dunkin-donuts-new-york-66?adjust_creative=0wbs0iSeYd0wJkiEuTz28g&utm_campaign=yelp_api_v3&utm_medium=api_v3_business_search&utm_source=0wbs0iSeYd0wJkiEuTz28g,https://s3-media3.fl.yelpcdn.com/bphoto/JFZcFXKjJdXVEF1M9BfV7g/o.jpg,20 Broad St,,,New York,NY,10005,US,40.7037736762802,-74.0117785772666
bTVDxuyvlB-0wKdyIf7lKQ,Dunkin' Donuts,29,1.5,$,1,(212) 443-3611,https://www.yelp.com/biz/dunkin-donuts-new-york-131?adjust_creative=0wbs0iSeYd0wJkiEuTz28g&utm_campaign=yelp_api_v3&utm_medium=api_v3_business_search&utm_source=0wbs0iSeYd0wJkiEuTz28g,https://s3-media1.fl.yelpcdn.com/bphoto/_BUMYgfgtpayvTkeHD7moA/o.jpg,110 E 14th St,,University Hall,New York,NY,10003,US,40.73393,-73.98909
pgoWl05sdK_VKlWlkB9rnQ,Dunkin' Donuts,20,2.5,$,1,,https://www.yelp.com/biz/dunkin-donuts-woodside-4?adjust_creative=0wbs0iSeYd0wJkiEuTz28g&utm_campaign=yelp_api_v3&utm_medium=api_v3_business_search&utm_source=0wbs0iSeYd0wJkiEuTz28g,https://s3-media3.fl.yelpcdn.com/bphoto/j6eN_M2wI8BehvL5LWSv6Q/o.jpg,1131 Bay St,,,Staten Island,NY,10305,US,40.615314,-74.066539
KJ6ayV1uIoQ3heN6fVZuDQ,Tim Hortons,54,4.0,$,1,(718) 980-0091,https://www.yelp.com/biz/tim-hortons-staten-island-3?adjust_creative=0wbs0iSeYd0wJkiEuTz28g&utm_campaign=yelp_api_v3&utm_medium=api_v3_business_search&utm_source=0wbs0iSeYd0wJkiEuTz28g,https://s3-media3.fl.yelpcdn.com/bphoto/Z9J7IfccI_Wx78cdUkEDQw/o.jpg,1562 Hylan Blvd,,,Staten Island,NY,10305,US,40.5901798094397,-74.0883499011397
zt4hC6ZDY5Kdy8AfGDi34Q,Tim Hortons,106,3.5,$,1,(718) 370-2555,https://www.yelp.com/biz/tim-hortons-staten-island?adjust_creative=0wbs0iSeYd0wJkiEuTz28g&utm_campaign=yelp_api_v3&utm_medium=api_v3_business_search&utm_source=0wbs0iSeYd0wJkiEuTz28g,https://s3-media1.fl.yelpcdn.com/bphoto/MeFLRdpBLgdkvX9eQhQO1g/o.jpg,1700 Richmond Ave,,,Staten Island,NY,10314,US,40.6068538,-74.1628108
NnbIwOQPi35w5Fmt3n4cng,Tim Hortons,3,2.5,,0,(718) 743-9306,https://www.yelp.com/biz/tim-hortons-brooklyn-4?adjust_creative=0wbs0iSeYd0wJkiEuTz28g&utm_campaign=yelp_api_v3&utm_medium=api_v3_business_search&utm_source=0wbs0iSeYd0wJkiEuTz28g,https://s3-media1.fl.yelpcdn.com/bphoto/eJLqeu5Ndpxh8W6nS502LA/o.jpg,2402 Knapp St,,,Brooklyn,NY,11201,US,40.59428292851473,-73.93340234904201
p6Xo2vQlKv-w3X1r42CkVQ,Think Coffee,721,3.5,$$,2,(212) 228-6226,https://www.yelp.com/biz/think-coffee-new-york-2?adjust_creative=0wbs0iSeYd0wJkiEuTz28g&utm_campaign=yelp_api_v3&utm_medium=api_v3_business_search&utm_source=0wbs0iSeYd0wJkiEuTz28g,https://s3-media2.fl.yelpcdn.com/bphoto/SRfkFUHltlDxuOyQzgOlvg/o.jpg,248 Mercer St,,,New York,NY,10012,US,40.728339,-73.995287
n5ZlKLaSrgwwj_ztHEfyow,Think Coffee,51,3.5,$$,2,,https://www.yelp.com/biz/think-coffee-new-york-16?adjust_creative=0wbs0iSeYd0wJkiEuTz28g&utm_campaign=yelp_api_v3&utm_medium=api_v3_business_search&utm_source=0wbs0iSeYd0wJkiEuTz28g,https://s3-media2.fl.yelpcdn.com/bphoto/k-bKUHNNE438VgATQP0LFw/o.jpg,471 Broadway,,,New York,NY,10013,US,40.721248,-74.000507
4WTm6Dolt0FbTaFt8t-cvQ,Think Coffee,439,3.0,$$,2,,https://www.yelp.com/biz/think-coffee-new-york-3?adjust_creative=0wbs0iSeYd0wJkiEuTz28g&utm_campaign=yelp_api_v3&utm_medium=api_v3_business_search&utm_source=0wbs0iSeYd0wJkiEuTz28g,https://s3-media2.fl.yelpcdn.com/bphoto/EHY7PRSuUFxHRB2sN3Cz0A/o.jpg,123 4th Ave,,,New York,NY,10003,US,40.7330253,-73.9897646
LTx8jkXzTTqZRMOIEQ0lmw,Think Coffee,78,3.5,$$,2,,https://www.yelp.com/biz/think-coffee-new-york-15?adjust_creative=0wbs0iSeYd0wJkiEuTz28g&utm_campaign=yelp_api_v3&utm_medium=api_v3_business_search&utm_source=0wbs0iSeYd0wJkiEuTz28g,https://s3-media1.fl.yelpcdn.com/bphoto/QRxCUR55XfLdTgao-UKpkA/o.jpg,350 Broadway,,,New York,NY,10013,US,40.7168907694292,-74.0037190531662
lXtwiYAzgTi2xhT1xg7gTQ,Think Coffee,120,3.0,$$,2,(212) 228-6226,https://www.yelp.com/biz/think-coffee-new-york-13?adjust_creative=0wbs0iSeYd0wJkiEuTz28g&utm_campaign=yelp_api_v3&utm_medium=api_v3_business_search&utm_source=0wbs0iSeYd0wJkiEuTz28g,https://s3-media1.fl.yelpcdn.com/bphoto/q6gdioo_eyh9NV-il7rXCA/o.jpg,73 8th Ave,,,New York,NY,10014,US,40.739551,-74.003078
HUHw-U0AxAXjBg1Zf9HXCA,Think Coffee,254,3.5,$$,2,,https://www.yelp.com/biz/think-coffee-new-york-4?adjust_creative=0wbs0iSeYd0wJkiEuTz28g&utm_campaign=yelp_api_v3&utm_medium=api_v3_business_search&utm_source=0wbs0iSeYd0wJkiEuTz28g,https://s3-media1.fl.yelpcdn.com/bphoto/N69Rhkp1btmRx30SO9xUIg/o.jpg,10 Devoe St,,,Brooklyn,NY,11211,US,40.7129334,-73.950992
3Lj7gVcMG6hy9lv-4bdIBg,Think Coffee,45,3.5,$$,2,(212) 255-6452,https://www.yelp.com/biz/think-coffee-brooklyn?adjust_creative=0wbs0iSeYd0wJkiEuTz28g&utm_campaign=yelp_api_v3&utm_medium=api_v3_business_search&utm_source=0wbs0iSeYd0wJkiEuTz28g,https://s3-media4.fl.yelpcdn.com/bphoto/RVksaD7eNTrOF-uGvDKbug/o.jpg,500 W 30th St,,,New York,NY,10001,US,40.7520507,-74.0015759
oCYg1xcD2IVbM3iRotvAHg,Think Coffee,111,3.5,$$,2,,https://www.yelp.com/biz/think-coffee-new-york-10?adjust_creative=0wbs0iSeYd0wJkiEuTz28g&utm_campaign=yelp_api_v3&utm_medium=api_v3_business_search&utm_source=0wbs0iSeYd0wJkiEuTz28g,https://s3-media3.fl.yelpcdn.com/bphoto/ZQAbOsKrZlVumERF1OMaEQ/o.jpg,246 5th Ave,,,New York,NY,10001,US,40.74478540040069,-73.9878154310078
Gb5rdW8sJNzuSrUtExRzyw,Think Coffee,4,4.0,,0,,https://www.yelp.com/biz/think-coffee-new-york-19?adjust_creative=0wbs0iSeYd0wJkiEuTz28g&utm_campaign=yelp_api_v3&utm_medium=api_v3_business_search&utm_source=0wbs0iSeYd0wJkiEuTz28g,https://s3-media4.fl.yelpcdn.com/bphoto/Hqizs51XrTOji4oVNTERpw/o.jpg,568 6th Ave,,,New York,NY,10011,US,40.738435648908705,-73.99581244313892
qbAiLieNfbKAYIvCYdPiaw,Think Coffee,7,3.5,$$,2,(212) 255-2817,https://www.yelp.com/biz/think-coffee-new-york-18?adjust_creative=0wbs0iSeYd0wJkiEuTz28g&utm_campaign=yelp_api_v3&utm_medium=api_v3_business_search&utm_source=0wbs0iSeYd0wJkiEuTz28g,https://s3-media4.fl.yelpcdn.com/bphoto/CgaXM5XM_pkyxQEXs-d1Yw/o.jpg,208 W 13th St,,,New York,NY,10011,US,40.73813,-74.00103
qLcYigT-b4jnfT0c0BEqbQ,Think Coffee,6,3.5,$$,2,,https://www.yelp.com/biz/think-coffee-new-york-8?adjust_creative=0wbs0iSeYd0wJkiEuTz28g&utm_campaign=yelp_api_v3&utm_medium=api_v3_business_search&utm_source=0wbs0iSeYd0wJkiEuTz28g,https://s3-media4.fl.yelpcdn.com/bphoto/tdrGThZDZB7rEvjc3m5dxQ/o.jpg,43 W 32nd St,,,New York,NY,10001,US,40.748224,-73.9874565
WGIkWEuB9mmt78zYhNT_MQ,Joe Coffee,266,4.0,$$,2,(212) 661-8580,https://www.yelp.com/biz/joe-coffee-new-york-32?adjust_creative=0wbs0iSeYd0wJkiEuTz28g&utm_campaign=yelp_api_v3&utm_medium=api_v3_business_search&utm_source=0wbs0iSeYd0wJkiEuTz28g,https://s3-media2.fl.yelpcdn.com/bphoto/xqZXjMf_Vi5BHDkiYjWnYQ/o.jpg,10 South Street,Slip 7,,New York,NY,10004,US,40.701122,-74.011663
UWJe1NV-dtzrDLzKneJFOQ,Gregorys Coffee,183,4.0,$$,2,(877) 206-4592,https://www.yelp.com/biz/gregorys-coffee-new-york-8?adjust_creative=0wbs0iSeYd0wJkiEuTz28g&utm_campaign=yelp_api_v3&utm_medium=api_v3_business_search&utm_source=0wbs0iSeYd0wJkiEuTz28g,https://s3-media1.fl.yelpcdn.com/bphoto/xOgjwJHzoe6wxYQc4goXig/o.jpg,42 Broadway,,,New York,NY,10004,US,40.7059898376465,-74.0125961303711
Vl3ticJO_730wIi5L-gcRQ,Gregorys Coffee,85,4.0,$,1,(877) 206-6306,https://www.yelp.com/biz/gregorys-coffee-new-york-9?adjust_creative=0wbs0iSeYd0wJkiEuTz28g&utm_campaign=yelp_api_v3&utm_medium=api_v3_business_search&utm_source=0wbs0iSeYd0wJkiEuTz28g,https://s3-media2.fl.yelpcdn.com/bphoto/g1fQcEe_TjRDKcQ_08ZnuA/o.jpg,100 Wall St,,,New York,NY,10005,US,40.70525,-74.00675
neqjsm1AbaGcLDRNshEA7A,Gregorys Coffee,85,4.0,$$,2,(877) 208-6362,https://www.yelp.com/biz/gregorys-coffee-brooklyn-2?adjust_creative=0wbs0iSeYd0wJkiEuTz28g&utm_campaign=yelp_api_v3&utm_medium=api_v3_business_search&utm_source=0wbs0iSeYd0wJkiEuTz28g,https://s3-media3.fl.yelpcdn.com/bphoto/-AF41sXXGof2rUS1vaT0CA/o.jpg,16 Court St,,,Brooklyn,NY,11201,US,40.693613,-73.990789
S1kVE60CFbA9xWjxqU3V_A,Gregorys Coffee,397,4.0,$$,2,(877) 217-8371,https://www.yelp.com/biz/gregorys-coffee-new-york?adjust_creative=0wbs0iSeYd0wJkiEuTz28g&utm_campaign=yelp_api_v3&utm_medium=api_v3_business_search&utm_source=0wbs0iSeYd0wJkiEuTz28g,https://s3-media3.fl.yelpcdn.com/bphoto/fD8H8u3H30riFqQoBRdG0Q/o.jpg,327 Park Ave S,,,New York,NY,10010,US,40.7409656,-73.98557
FwUsZei8r9hqM1zEq9bD7A,Gregorys Coffee,65,3.5,$$,2,(877) 210-0105,https://www.yelp.com/biz/gregorys-coffee-new-york-22?adjust_creative=0wbs0iSeYd0wJkiEuTz28g&utm_campaign=yelp_api_v3&utm_medium=api_v3_business_search&utm_source=0wbs0iSeYd0wJkiEuTz28g,https://s3-media3.fl.yelpcdn.com/bphoto/R6U_NKmzB7lpebzFeqiolQ/o.jpg,649 Broadway,,,New York,NY,10012,US,40.7268964,-73.9958337
JAHAi7ll1YtN4wKFMdGawg,Gregorys Coffee,363,4.0,$$,2,(877) 231-7619,https://www.yelp.com/biz/gregorys-coffee-new-york-5?adjust_creative=0wbs0iSeYd0wJkiEuTz28g&utm_campaign=yelp_api_v3&utm_medium=api_v3_business_search&utm_source=0wbs0iSeYd0wJkiEuTz28g,https://s3-media3.fl.yelpcdn.com/bphoto/xF1ULoWEYVJAwxd74QHtxQ/o.jpg,874 6th Ave,,,New York,NY,10001,US,40.747743,-73.989087
YAT6W31Waw6C8cm0iSB7AA,Gregorys Coffee,70,4.0,$$,2,(877) 206-6408,https://www.yelp.com/biz/gregorys-coffee-new-york-10?adjust_creative=0wbs0iSeYd0wJkiEuTz28g&utm_campaign=yelp_api_v3&utm_medium=api_v3_business_search&utm_source=0wbs0iSeYd0wJkiEuTz28g,https://s3-media1.fl.yelpcdn.com/bphoto/X-A-l3Q2O52E-UEMDrEN6g/o.jpg,80 Broad St,,,New York,NY,10004,US,40.7043392,-74.0117909
uo95mBuMeEkCqF12KnQiGw,Gregorys Coffee,387,4.0,$$,2,(877) 220-3219,https://www.yelp.com/biz/gregorys-coffee-new-york-2?adjust_creative=0wbs0iSeYd0wJkiEuTz28g&utm_campaign=yelp_api_v3&utm_medium=api_v3_business_search&utm_source=0wbs0iSeYd0wJkiEuTz28g,https://s3-media2.fl.yelpcdn.com/bphoto/WALfr2eu7AYmadjAFpqIkw/o.jpg,58 W 44th St,,,New York,NY,10036,US,40.7558601,-73.9828599
G5JtJcFcYD93tS8RHw60_g,Gregorys Coffee,267,4.0,$$,2,(877) 231-1094,https://www.yelp.com/biz/gregorys-coffee-new-york-4?adjust_creative=0wbs0iSeYd0wJkiEuTz28g&utm_campaign=yelp_api_v3&utm_medium=api_v3_business_search&utm_source=0wbs0iSeYd0wJkiEuTz28g,https://s3-media2.fl.yelpcdn.com/bphoto/gvsOhPbGfzLc7P3hhG8d-Q/o.jpg,12 E 46th St,,,New York,NY,10017,US,40.75554,-73.9781
4RRaroFBdXjQTS_1_7FDsg,Gregorys Coffee,161,4.0,$$,2,(877) 347-4673,https://www.yelp.com/biz/gregorys-coffee-new-york-12?adjust_creative=0wbs0iSeYd0wJkiEuTz28g&utm_campaign=yelp_api_v3&utm_medium=api_v3_business_search&utm_source=0wbs0iSeYd0wJkiEuTz28g,https://s3-media1.fl.yelpcdn.com/bphoto/dw9N4MPczXJAJVLRCPsipg/o.jpg,48 E 33rd St,,,New York,NY,10016,US,40.7464872,-73.9825769
02mNOAlJEyPG-3zgHBgWoQ,Gregorys Coffee,175,3.5,$$,2,(877) 208-1928,https://www.yelp.com/biz/gregorys-coffee-new-york-20?adjust_creative=0wbs0iSeYd0wJkiEuTz28g&utm_campaign=yelp_api_v3&utm_medium=api_v3_business_search&utm_source=0wbs0iSeYd0wJkiEuTz28g,https://s3-media4.fl.yelpcdn.com/bphoto/epeEipMgKCqrvpYZuEa9nQ/o.jpg,520 8th Ave,,,New York,NY,10018,US,40.75361294749023,-73.99204150214153
PZYziy4a5TrhxAnWFWZKyA,Gregorys Coffee,96,4.0,$$,2,(877) 207-4774,https://www.yelp.com/biz/gregorys-coffee-new-york-19?adjust_creative=0wbs0iSeYd0wJkiEuTz28g&utm_campaign=yelp_api_v3&utm_medium=api_v3_business_search&utm_source=0wbs0iSeYd0wJkiEuTz28g,https://s3-media1.fl.yelpcdn.com/bphoto/7aP2xLXMCzODWqH7jtekdg/o.jpg,356 7th Ave,,,New York,NY,10001,US,40.74839,-73.99288
CTWQmyPG1wSYHJV-VlNZzg,Gregorys Coffee,174,4.0,$,1,(212) 764-6805,https://www.yelp.com/biz/gregorys-coffee-new-york-3?adjust_creative=0wbs0iSeYd0wJkiEuTz28g&utm_campaign=yelp_api_v3&utm_medium=api_v3_business_search&utm_source=0wbs0iSeYd0wJkiEuTz28g,https://s3-media2.fl.yelpcdn.com/bphoto/3YUTqajF7gKtTZabaUuufw/o.jpg,551 Fashion Ave,,,New York,NY,10018,US,40.75422807395055,-73.9879328
H3Ie1yEYfFNvfnMNVae-lQ,Gregorys Coffee,124,4.0,$$,2,(877) 208-2491,https://www.yelp.com/biz/gregorys-coffee-new-york-21?adjust_creative=0wbs0iSeYd0wJkiEuTz28g&utm_campaign=yelp_api_v3&utm_medium=api_v3_business_search&utm_source=0wbs0iSeYd0wJkiEuTz28g,https://s3-media1.fl.yelpcdn.com/bphoto/NEZQ85nRwASDdJDpL4M1Dw/o.jpg,1273 1st Ave,,,New York,NY,10065,US,40.7656599,-73.95779
nGnQVWt5WDBVdQYy0ceMTQ,Gregorys Coffee,105,4.0,$$,2,(877) 231-3189,https://www.yelp.com/biz/gregorys-coffee-new-york-6?adjust_creative=0wbs0iSeYd0wJkiEuTz28g&utm_campaign=yelp_api_v3&utm_medium=api_v3_business_search&utm_source=0wbs0iSeYd0wJkiEuTz28g,https://s3-media3.fl.yelpcdn.com/bphoto/GAdgH-60pQNAY3jFMoqkiw/o.jpg,551 Madison Ave,,,New York,NY,10022,US,40.7610454,-73.972956
d7pZUO8BmiqII129kkRMKA,Gregorys Coffee,70,3.5,$$,2,(877) 212-7153,https://www.yelp.com/biz/gregorys-coffee-new-york-32?adjust_creative=0wbs0iSeYd0wJkiEuTz28g&utm_campaign=yelp_api_v3&utm_medium=api_v3_business_search&utm_source=0wbs0iSeYd0wJkiEuTz28g,https://s3-media3.fl.yelpcdn.com/bphoto/jIa-eBmw7wKfZS7uy0nGfQ/o.jpg,630 9th Ave,,,New York,NY,10036,US,40.76018,-73.99113
lgNYgPhG_LsBPUSy2qRgcA,Gregorys Coffee,115,3.5,$,1,(877) 207-3358,https://www.yelp.com/biz/gregorys-coffee-new-york-17?adjust_creative=0wbs0iSeYd0wJkiEuTz28g&utm_campaign=yelp_api_v3&utm_medium=api_v3_business_search&utm_source=0wbs0iSeYd0wJkiEuTz28g,https://s3-media2.fl.yelpcdn.com/bphoto/rvo0k5kJNHfHvTDSMUvIMw/o.jpg,20 E 40th St,,,New York,NY,10016,US,40.75157,-73.98059
0YKbH8fuMJg_26A_F0R3vw,Gregorys Coffee,117,3.5,$$,2,(877) 211-0964,https://www.yelp.com/biz/gregorys-coffee-new-york-23?adjust_creative=0wbs0iSeYd0wJkiEuTz28g&utm_campaign=yelp_api_v3&utm_medium=api_v3_business_search&utm_source=0wbs0iSeYd0wJkiEuTz28g,https://s3-media3.fl.yelpcdn.com/bphoto/Imw7qwtAopfK3AkG-uaZeQ/o.jpg,762 7th Ave,,,New York,NY,10019,US,40.7613048223226,-73.9834131292426
cXtX0KEI5hp9JejDmeUNbA,Gregorys Coffee,2,3.0,,0,(877) 229-6898,https://www.yelp.com/biz/gregorys-coffee-new-york-39?adjust_creative=0wbs0iSeYd0wJkiEuTz28g&utm_campaign=yelp_api_v3&utm_medium=api_v3_business_search&utm_source=0wbs0iSeYd0wJkiEuTz28g,https://s3-media1.fl.yelpcdn.com/bphoto/TZ7L0w2OwjZeH_nzB-1m4Q/o.jpg,200 Varick St,,,New York,NY,10014,US,40.728,-74.00521
pyOqs8B6Cm3XK_l9qkTQZw,Gregorys Coffee,40,4.0,$$,2,(877) 212-5813,https://www.yelp.com/biz/gregorys-coffee-new-york-29?adjust_creative=0wbs0iSeYd0wJkiEuTz28g&utm_campaign=yelp_api_v3&utm_medium=api_v3_business_search&utm_source=0wbs0iSeYd0wJkiEuTz28g,https://s3-media2.fl.yelpcdn.com/bphoto/u016p2ueQm3DQaLwJ6aKcw/o.jpg,880 3rd Ave,,,New York,NY,10022,US,40.75799,-73.96941
oxa7ZhlDXm85TbbAVtcaQw,Gregorys Coffee,72,4.0,$$,2,(877) 211-7343,https://www.yelp.com/biz/gregorys-coffee-new-york-24?adjust_creative=0wbs0iSeYd0wJkiEuTz28g&utm_campaign=yelp_api_v3&utm_medium=api_v3_business_search&utm_source=0wbs0iSeYd0wJkiEuTz28g,https://s3-media2.fl.yelpcdn.com/bphoto/oVtjTWAfajV79zSncTcVFg/o.jpg,485 Madison Ave,,,New York,NY,10022,US,40.758785,-73.974494
ejZjFbR_Z3He5pi699eJKg,Birch Coffee,86,4.0,$$,2,(212) 686-1444,https://www.yelp.com/biz/birch-coffee-new-york-10?adjust_creative=0wbs0iSeYd0wJkiEuTz28g&utm_campaign=yelp_api_v3&utm_medium=api_v3_business_search&utm_source=0wbs0iSeYd0wJkiEuTz28g,https://s3-media2.fl.yelpcdn.com/bphoto/O4PHjePy4GiPEBwlRyvOKQ/o.jpg,8 Spruce St,,,New York,NY,10038,US,40.710971,-74.005676
cvETUmgjYfjcAgl54aWntA,Birch Coffee,183,4.0,$,1,(212) 686-1444,https://www.yelp.com/biz/birch-coffee-new-york-2?adjust_creative=0wbs0iSeYd0wJkiEuTz28g&utm_campaign=yelp_api_v3&utm_medium=api_v3_business_search&utm_source=0wbs0iSeYd0wJkiEuTz28g,https://s3-media2.fl.yelpcdn.com/bphoto/a9gxYp2HQACKxujnmEl08A/o.jpg,56 7th Ave,,,New York,NY,10011,US,40.7384749,-73.9999265
3erDg5x5OYgJjaPkV_ysLw,Birch Coffee,119,4.0,$$,2,(212) 686-1444,https://www.yelp.com/biz/birch-coffee-new-york-9?adjust_creative=0wbs0iSeYd0wJkiEuTz28g&utm_campaign=yelp_api_v3&utm_medium=api_v3_business_search&utm_source=0wbs0iSeYd0wJkiEuTz28g,https://s3-media1.fl.yelpcdn.com/bphoto/iZbkysF2Lo3TQKYmPml9cw/o.jpg,432 Third Ave,,,New York,NY,10016,US,40.7434044,-73.9799957
64yrGc7EDNd09ZmhUrizCw,Birch Coffee,275,4.0,$$,2,(212) 686-1444,https://www.yelp.com/biz/birch-coffee-new-york-8?adjust_creative=0wbs0iSeYd0wJkiEuTz28g&utm_campaign=yelp_api_v3&utm_medium=api_v3_business_search&utm_source=0wbs0iSeYd0wJkiEuTz28g,https://s3-media2.fl.yelpcdn.com/bphoto/0J9-RPPVwHtLAJ-6PX0J2A/o.jpg,134 1/2 E 62nd St,,,New York,NY,10065,US,40.7638444066087,-73.9665842526398
mKqqDTOKr5oYZeAJkGTMUg,Birch Coffee,80,4.5,,0,(212) 686-1444,https://www.yelp.com/biz/birch-coffee-new-york-16?adjust_creative=0wbs0iSeYd0wJkiEuTz28g&utm_campaign=yelp_api_v3&utm_medium=api_v3_business_search&utm_source=0wbs0iSeYd0wJkiEuTz28g,https://s3-media4.fl.yelpcdn.com/bphoto/2hRtkeoLibqko12FCT1zFQ/o.jpg,884 9th Ave,,,New York,NY,10019,US,40.76808,-73.98537
b_E6Ogi2nCO1Sz9NTLUlrQ,Birch Coffee,354,4.0,$$,2,(212) 686-1444,https://www.yelp.com/biz/birch-coffee-new-york-11?adjust_creative=0wbs0iSeYd0wJkiEuTz28g&utm_campaign=yelp_api_v3&utm_medium=api_v3_business_search&utm_source=0wbs0iSeYd0wJkiEuTz28g,https://s3-media1.fl.yelpcdn.com/bphoto/j8CN0dcF4NKduScIgrktdQ/o.jpg,750 Columbus Ave,,,New York,NY,10025,US,40.7932744193585,-73.9674930983641
6wDprU59ogI6XpaymJA42A,Birch Coffee,70,4.0,$,1,(212) 686-1444,https://www.yelp.com/biz/birch-coffee-new-york-14?adjust_creative=0wbs0iSeYd0wJkiEuTz28g&utm_campaign=yelp_api_v3&utm_medium=api_v3_business_search&utm_source=0wbs0iSeYd0wJkiEuTz28g,https://s3-media3.fl.yelpcdn.com/bphoto/N0eK8kX_kfjLGO6S9VD0QQ/o.jpg,171 E 88th St,,,New York,NY,10128,US,40.78034,-73.95328
hbAX4ZH3eBDJ-DhRh1NwmA,Birch Coffee,3,5.0,,0,(212) 686-1444,https://www.yelp.com/biz/birch-coffee-new-york-24?adjust_creative=0wbs0iSeYd0wJkiEuTz28g&utm_campaign=yelp_api_v3&utm_medium=api_v3_business_search&utm_source=0wbs0iSeYd0wJkiEuTz28g,https://s3-media2.fl.yelpcdn.com/bphoto/05IQocr5jxJBxCqQOmVrYw/o.jpg,136 Church St,,,New York,NY,10007,US,40.7142681526542,-74.00867521762848
RPCYR5urs3q0tz95xemh6A,Birch Coffee,6,4.5,,0,,https://www.yelp.com/biz/birch-coffee-new-york-21?adjust_creative=0wbs0iSeYd0wJkiEuTz28g&utm_campaign=yelp_api_v3&utm_medium=api_v3_business_search&utm_source=0wbs0iSeYd0wJkiEuTz28g,https://s3-media3.fl.yelpcdn.com/bphoto/pyeITek7aqTBQ4QTKjuqRw/o.jpg,986 6th Ave,,,New York,NY,10018,US,40.7512868,-73.9864863
jJDinOC8sjU3OExwdihuKg,Birch Coffee,1,5.0,,0,(212) 686-1444,https://www.yelp.com/biz/birch-coffee-new-york-25?adjust_creative=0wbs0iSeYd0wJkiEuTz28g&utm_campaign=yelp_api_v3&utm_medium=api_v3_business_search&utm_source=0wbs0iSeYd0wJkiEuTz28g,,200 Broadway,,Fulton Center,New York,NY,10038,US,40.710445,-74.008946
PcZO462uvXdH6FGUWS0ZRw,Birch Coffee,3,4.0,,0,,https://www.yelp.com/biz/birch-coffee-new-york-23?adjust_creative=0wbs0iSeYd0wJkiEuTz28g&utm_campaign=yelp_api_v3&utm_medium=api_v3_business_search&utm_source=0wbs0iSeYd0wJkiEuTz28g,https://s3-media2.fl.yelpcdn.com/bphoto/tZjwa1WahVvLJjNX9DGioQ/o.jpg,423 8th Ave,,,New York,NY,10001,US,40.75047,-73.99493
