,id,alias,name,image_url,is_closed,url,review_count,categories,rating,coordinates,transactions,price,location,phone,display_phone,distance
0,qcnoyytlFIuqlcjDXkXJiw,starbucks-brooklyn-21,Starbucks,https://s3-media2.fl.yelpcdn.com/bphoto/rvbmfbKSWW4G4RmDu018hA/o.jpg,False,https://www.yelp.com/biz/starbucks-brooklyn-21?adjust_creative=0wbs0iSeYd0wJkiEuTz28g&utm_campaign=yelp_api_v3&utm_medium=api_v3_business_search&utm_source=0wbs0iSeYd0wJkiEuTz28g,80,"[{'alias': 'coffee', 'title': 'Coffee & Tea'}]",2.5,"{'latitude': 40.70275444, 'longitude': -73.99088374}",['delivery'],$$,"{'address1': '67 Main St', 'address2': '', 'address3': '', 'city': 'Brooklyn', 'zip_code': '11201', 'country': 'US', 'state': 'NY', 'display_address': ['67 Main St', 'Brooklyn, NY 11201']}",+17188550856,(718) 855-0856,414.84680219460824
1,60agfQbky4cX8BEApyltIA,starbucks-new-york-524,Starbucks,https://s3-media4.fl.yelpcdn.com/bphoto/ZM_sCPU1miFXbZGba1lX6g/o.jpg,False,https://www.yelp.com/biz/starbucks-new-york-524?adjust_creative=0wbs0iSeYd0wJkiEuTz28g&utm_campaign=yelp_api_v3&utm_medium=api_v3_business_search&utm_source=0wbs0iSeYd0wJkiEuTz28g,36,"[{'alias': 'coffee', 'title': 'Coffee & Tea'}]",2.0,"{'latitude': 40.71102, 'longitude': -74.00091}",['delivery'],$,"{'address1': '375 Pearl St', 'address2': '', 'address3': None, 'city': 'New York', 'zip_code': '10038', 'country': 'US', 'state': 'NY', 'display_address': ['375 Pearl St', 'New York, NY 10038']}",+16466999983,(646) 699-9983,833.8892691487212
2,Y_kNzTJJUx9aFj1t_DVWkA,starbucks-surrey-6,Starbucks,,False,https://www.yelp.com/biz/starbucks-surrey-6?adjust_creative=0wbs0iSeYd0wJkiEuTz28g&utm_campaign=yelp_api_v3&utm_medium=api_v3_business_search&utm_source=0wbs0iSeYd0wJkiEuTz28g,3,"[{'alias': 'coffee', 'title': 'Coffee & Tea'}]",5.0,"{'latitude': 49.1186981201172, 'longitude': -122.895721435547}",[],$,"{'address1': '199 Water Street', 'address2': '', 'address3': '', 'city': 'Surrey', 'zip_code': 'V4E 3E4', 'country': 'CA', 'state': 'BC', 'display_address': ['199 Water Street', 'Surrey, BC V4E 3E4', 'Canada']}",,,876.3412556992182
3,C0EKm9V9QI2R47QkRWA5aQ,starbucks-new-york-290,Starbucks,https://s3-media3.fl.yelpcdn.com/bphoto/Rvok-BWGjIGY-rMSQofYPA/o.jpg,False,https://www.yelp.com/biz/starbucks-new-york-290?adjust_creative=0wbs0iSeYd0wJkiEuTz28g&utm_campaign=yelp_api_v3&utm_medium=api_v3_business_search&utm_source=0wbs0iSeYd0wJkiEuTz28g,44,"[{'alias': 'coffee', 'title': 'Coffee & Tea'}]",3.0,"{'latitude': 40.7049014, 'longitude': -74.0072444}",[],$,"{'address1': '99 Wall St', 'address2': '', 'address3': '', 'city': 'New York', 'zip_code': '10005', 'country': 'US', 'state': 'NY', 'display_address': ['99 Wall St', 'New York, NY 10005']}",+19299551841,(929) 955-1841,1093.3792831626963
4,OuNYQaqEJjkBHRdnC-4HOw,starbucks-new-york-381,Starbucks,https://s3-media2.fl.yelpcdn.com/bphoto/SV8ynJOzOiauQngcqnv_uA/o.jpg,False,https://www.yelp.com/biz/starbucks-new-york-381?adjust_creative=0wbs0iSeYd0wJkiEuTz28g&utm_campaign=yelp_api_v3&utm_medium=api_v3_business_search&utm_source=0wbs0iSeYd0wJkiEuTz28g,40,"[{'alias': 'coffee', 'title': 'Coffee & Tea'}]",2.5,"{'latitude': 40.708413, 'longitude': -74.007387}",['delivery'],$$,"{'address1': '100 William St', 'address2': '', 'address3': '', 'city': 'New York', 'zip_code': '10038', 'country': 'US', 'state': 'NY', 'display_address': ['100 William St', 'New York, NY 10038']}",+12125099709,(212) 509-9709,1151.9892739272943
5,mEMPhPK6dSgy5eXS-kYHLg,starbucks-brooklyn-17,Starbucks,https://s3-media4.fl.yelpcdn.com/bphoto/IsyCZQAKUcrliFuzXo_TXQ/o.jpg,False,https://www.yelp.com/biz/starbucks-brooklyn-17?adjust_creative=0wbs0iSeYd0wJkiEuTz28g&utm_campaign=yelp_api_v3&utm_medium=api_v3_business_search&utm_source=0wbs0iSeYd0wJkiEuTz28g,69,"[{'alias': 'coffee', 'title': 'Coffee & Tea'}]",3.0,"{'latitude': 40.694582, 'longitude': -73.993978}",['delivery'],$$,"{'address1': '134 Montague St', 'address2': '', 'address3': '', 'city': 'Brooklyn', 'zip_code': '11201', 'country': 'US', 'state': 'NY', 'display_address': ['134 Montague St', 'Brooklyn, NY 11201']}",+17182430455,(718) 243-0455,1208.1863276973506
6,t03ZbaLQP3MrMuUGb6MQdw,starbucks-new-york-506,Starbucks,https://s3-media3.fl.yelpcdn.com/bphoto/XApF9Rx6XxdP-j0cI2NGxA/o.jpg,False,https://www.yelp.com/biz/starbucks-new-york-506?adjust_creative=0wbs0iSeYd0wJkiEuTz28g&utm_campaign=yelp_api_v3&utm_medium=api_v3_business_search&utm_source=0wbs0iSeYd0wJkiEuTz28g,53,"[{'alias': 'coffee', 'title': 'Coffee & Tea'}]",2.0,"{'latitude': 40.704653, 'longitude': -74.009001}",['delivery'],$$,"{'address1': '110 Pearl St', 'address2': '', 'address3': '', 'city': 'New York', 'zip_code': '10005', 'country': 'US', 'state': 'NY', 'display_address': ['110 Pearl St', 'New York, NY 10005']}",+12124826530,(212) 482-6530,1242.9041057457455
7,pTv4RDll3N_CGG3BwtEctg,starbucks-new-york-395,Starbucks,https://s3-media1.fl.yelpcdn.com/bphoto/ClYnav-_Uu7IPU0Qa9LUJA/o.jpg,False,https://www.yelp.com/biz/starbucks-new-york-395?adjust_creative=0wbs0iSeYd0wJkiEuTz28g&utm_campaign=yelp_api_v3&utm_medium=api_v3_business_search&utm_source=0wbs0iSeYd0wJkiEuTz28g,59,"[{'alias': 'coffee', 'title': 'Coffee & Tea'}]",3.0,"{'latitude': 40.71168566, 'longitude': -74.00666918}",['delivery'],$,"{'address1': '38 Park Row', 'address2': '', 'address3': '', 'city': 'New York', 'zip_code': '10038', 'country': 'US', 'state': 'NY', 'display_address': ['38 Park Row', 'New York, NY 10038']}",+12126088073,(212) 608-8073,1252.8991463352156
8,j6nTfbYavGVsJKxz6bte6w,starbucks-new-york-214,Starbucks,https://s3-media3.fl.yelpcdn.com/bphoto/MdLapQsqNZ8AUIGtHPNfXg/o.jpg,False,https://www.yelp.com/biz/starbucks-new-york-214?adjust_creative=0wbs0iSeYd0wJkiEuTz28g&utm_campaign=yelp_api_v3&utm_medium=api_v3_business_search&utm_source=0wbs0iSeYd0wJkiEuTz28g,61,"[{'alias': 'coffee', 'title': 'Coffee & Tea'}]",3.5,"{'latitude': 40.71022348, 'longitude': -74.00797242}",['delivery'],$,"{'address1': '130 Fulton St', 'address2': '', 'address3': '', 'city': 'New York', 'zip_code': '10038', 'country': 'US', 'state': 'NY', 'display_address': ['130 Fulton St', 'New York, NY 10038']}",+12129620439,(212) 962-0439,1269.5739460740995
9,XzAZVxmGPcysK8hYdcAJKA,starbucks-new-york-229,Starbucks,https://s3-media2.fl.yelpcdn.com/bphoto/ms4p2KBJbQg1xn4TT8aOmQ/o.jpg,False,https://www.yelp.com/biz/starbucks-new-york-229?adjust_creative=0wbs0iSeYd0wJkiEuTz28g&utm_campaign=yelp_api_v3&utm_medium=api_v3_business_search&utm_source=0wbs0iSeYd0wJkiEuTz28g,53,"[{'alias': 'coffee', 'title': 'Coffee & Tea'}]",2.5,"{'latitude': 40.71588714, 'longitude': -74.00314073}",['delivery'],$$,"{'address1': '111 Worth St', 'address2': '', 'address3': '', 'city': 'New York', 'zip_code': '10013', 'country': 'US', 'state': 'NY', 'display_address': ['111 Worth St', 'New York, NY 10013']}",+12129648846,(212) 964-8846,1379.9749733706979
10,4jWEL2gMhfwfzej0rfgJiQ,starbucks-new-york-264,Starbucks,https://s3-media3.fl.yelpcdn.com/bphoto/aSBKV7Z1FuT1nV6qgxQUFw/o.jpg,False,https://www.yelp.com/biz/starbucks-new-york-264?adjust_creative=0wbs0iSeYd0wJkiEuTz28g&utm_campaign=yelp_api_v3&utm_medium=api_v3_business_search&utm_source=0wbs0iSeYd0wJkiEuTz28g,55,"[{'alias': 'coffee', 'title': 'Coffee & Tea'}]",2.0,"{'latitude': 40.71222829959837, 'longitude': -74.00820580822274}",['delivery'],$,"{'address1': '233 Broadway', 'address2': '', 'address3': '', 'city': 'New York', 'zip_code': '10279', 'country': 'US', 'state': 'NY', 'display_address': ['233 Broadway', 'New York, NY 10279']}",+12126191529,(212) 619-1529,1394.3211276879206
11,E6h-sMLmF86cuituw5zYxw,starbucks-brooklyn-6,Starbucks,https://s3-media2.fl.yelpcdn.com/bphoto/nNxnfD06ZVax3GhVNhVmMg/o.jpg,False,https://www.yelp.com/biz/starbucks-brooklyn-6?adjust_creative=0wbs0iSeYd0wJkiEuTz28g&utm_campaign=yelp_api_v3&utm_medium=api_v3_business_search&utm_source=0wbs0iSeYd0wJkiEuTz28g,148,"[{'alias': 'coffee', 'title': 'Coffee & Tea'}]",2.5,"{'latitude': 40.694047, 'longitude': -73.9867893}",['delivery'],$$,"{'address1': '6 MetroTech Ctr', 'address2': 'Poly Tech Institute', 'address3': '', 'city': 'Brooklyn', 'zip_code': '11201', 'country': 'US', 'state': 'NY', 'display_address': ['6 MetroTech Ctr', 'Poly Tech Institute', 'Brooklyn, NY 11201']}",+17185222396,(718) 522-2396,1416.4838232260772
12,Ftrk-Rx1i3okzxnQNuLcnw,starbucks-new-york-143,Starbucks,https://s3-media3.fl.yelpcdn.com/bphoto/iaVlBYYkRx4DIh5pPI__iQ/o.jpg,False,https://www.yelp.com/biz/starbucks-new-york-143?adjust_creative=0wbs0iSeYd0wJkiEuTz28g&utm_campaign=yelp_api_v3&utm_medium=api_v3_business_search&utm_source=0wbs0iSeYd0wJkiEuTz28g,96,"[{'alias': 'coffee', 'title': 'Coffee & Tea'}]",2.5,"{'latitude': 40.70520877, 'longitude': -74.01128172}",['delivery'],$$,"{'address1': '55 Broad St', 'address2': '', 'address3': '', 'city': 'New York', 'zip_code': '10004', 'country': 'US', 'state': 'NY', 'display_address': ['55 Broad St', 'New York, NY 10004']}",+12127422490,(212) 742-2490,1432.2673975770579
13,bbVBza8jlZoVi1meNZbbxw,starbucks-brooklyn-92,Starbucks,https://s3-media4.fl.yelpcdn.com/bphoto/0B7AqzK631mxf1fl-wM47A/o.jpg,False,https://www.yelp.com/biz/starbucks-brooklyn-92?adjust_creative=0wbs0iSeYd0wJkiEuTz28g&utm_campaign=yelp_api_v3&utm_medium=api_v3_business_search&utm_source=0wbs0iSeYd0wJkiEuTz28g,2,"[{'alias': 'coffee', 'title': 'Coffee & Tea'}, {'alias': 'breakfast_brunch', 'title': 'Breakfast & Brunch'}]",5.0,"{'latitude': 40.69845185950864, 'longitude': -73.97971609999999}",[],,"{'address1': '3 Flushing Ave', 'address2': '', 'address3': None, 'city': 'Brooklyn', 'zip_code': '11205', 'country': 'US', 'state': 'NY', 'display_address': ['3 Flushing Ave', 'Brooklyn, NY 11205']}",+13473051487,(347) 305-1487,1454.1824570318834
14,V05D4jAQb3rT3WqEBGq-og,starbucks-new-york-131,Starbucks,https://s3-media3.fl.yelpcdn.com/bphoto/YL8s3UMYWXYpJ1_UFE0q-A/o.jpg,False,https://www.yelp.com/biz/starbucks-new-york-131?adjust_creative=0wbs0iSeYd0wJkiEuTz28g&utm_campaign=yelp_api_v3&utm_medium=api_v3_business_search&utm_source=0wbs0iSeYd0wJkiEuTz28g,73,"[{'alias': 'coffee', 'title': 'Coffee & Tea'}]",2.0,"{'latitude': 40.71504153, 'longitude': -74.00602938}",['delivery'],$$,"{'address1': '291 Broadway', 'address2': None, 'address3': '', 'city': 'New York', 'zip_code': '10007', 'country': 'US', 'state': 'NY', 'display_address': ['291 Broadway', 'New York, NY 10007']}",+12124065315,(212) 406-5315,1455.0755466868493
15,FrigBgxfxMxwPJNq-hAr0Q,starbucks-new-york-295,Starbucks,https://s3-media4.fl.yelpcdn.com/bphoto/YUiI6Vx0m_5NTz6NRfgI9Q/o.jpg,False,https://www.yelp.com/biz/starbucks-new-york-295?adjust_creative=0wbs0iSeYd0wJkiEuTz28g&utm_campaign=yelp_api_v3&utm_medium=api_v3_business_search&utm_source=0wbs0iSeYd0wJkiEuTz28g,50,"[{'alias': 'coffee', 'title': 'Coffee & Tea'}]",3.0,"{'latitude': 40.708758, 'longitude': -74.011055}",['delivery'],$$,"{'address1': '115 Broadway', 'address2': '', 'address3': '', 'city': 'New York', 'zip_code': '10006', 'country': 'US', 'state': 'NY', 'display_address': ['115 Broadway', 'New York, NY 10006']}",+12127329268,(212) 732-9268,1460.1182942715764
16,LQtVFXqjHW9ffkHNA7TqdQ,starbucks-brooklyn-14,Starbucks,https://s3-media3.fl.yelpcdn.com/bphoto/ZOrAg7iA1Qrku82k0CVQyg/o.jpg,False,https://www.yelp.com/biz/starbucks-brooklyn-14?adjust_creative=0wbs0iSeYd0wJkiEuTz28g&utm_campaign=yelp_api_v3&utm_medium=api_v3_business_search&utm_source=0wbs0iSeYd0wJkiEuTz28g,113,"[{'alias': 'coffee', 'title': 'Coffee & Tea'}]",2.5,"{'latitude': 40.69248079, 'longitude': -73.99126236}",['delivery'],$$,"{'address1': '50 Court St', 'address2': None, 'address3': '', 'city': 'Brooklyn', 'zip_code': '11201', 'country': 'US', 'state': 'NY', 'display_address': ['50 Court St', 'Brooklyn, NY 11201']}",+17188550369,(718) 855-0369,1464.0063634754467
17,CszSAlKolUeJ0-IaRDL0YQ,starbucks-new-york-345,Starbucks,https://s3-media2.fl.yelpcdn.com/bphoto/pKqgu2tenfxSFKoov2kMRw/o.jpg,False,https://www.yelp.com/biz/starbucks-new-york-345?adjust_creative=0wbs0iSeYd0wJkiEuTz28g&utm_campaign=yelp_api_v3&utm_medium=api_v3_business_search&utm_source=0wbs0iSeYd0wJkiEuTz28g,65,"[{'alias': 'coffee', 'title': 'Coffee & Tea'}]",2.5,"{'latitude': 40.71076714, 'longitude': -74.01044104}",['delivery'],$$,"{'address1': '195 Broadway', 'address2': '', 'address3': '', 'city': 'New York', 'zip_code': '10007', 'country': 'US', 'state': 'NY', 'display_address': ['195 Broadway', 'New York, NY 10007']}",+12123851104,(212) 385-1104,1484.1992447127775
18,IY8HhDLbJGfHLL8GhaUicw,starbucks-brooklyn-40,Starbucks,https://s3-media1.fl.yelpcdn.com/bphoto/3TITud1dcTgwpys7WrWRzA/o.jpg,False,https://www.yelp.com/biz/starbucks-brooklyn-40?adjust_creative=0wbs0iSeYd0wJkiEuTz28g&utm_campaign=yelp_api_v3&utm_medium=api_v3_business_search&utm_source=0wbs0iSeYd0wJkiEuTz28g,53,"[{'alias': 'coffee', 'title': 'Coffee & Tea'}]",2.5,"{'latitude': 40.694975, 'longitude': -73.982911}",['delivery'],$$,"{'address1': '309 Gold St', 'address2': '', 'address3': '', 'city': 'Brooklyn', 'zip_code': '11201', 'country': 'US', 'state': 'NY', 'display_address': ['309 Gold St', 'Brooklyn, NY 11201']}",+13479972633,(347) 997-2633,1512.663399425081
19,RIklVZ2AEvC62MtCPRmFRQ,starbucks-new-york-434,Starbucks,https://s3-media1.fl.yelpcdn.com/bphoto/D0fgOXPE5ztQkWbVipxaFQ/o.jpg,False,https://www.yelp.com/biz/starbucks-new-york-434?adjust_creative=0wbs0iSeYd0wJkiEuTz28g&utm_campaign=yelp_api_v3&utm_medium=api_v3_business_search&utm_source=0wbs0iSeYd0wJkiEuTz28g,14,"[{'alias': 'coffee', 'title': 'Coffee & Tea'}]",2.5,"{'latitude': 40.7020572, 'longitude': -74.01198708}",['delivery'],$,"{'address1': '1 New York Plz', 'address2': '', 'address3': '', 'city': 'New York', 'zip_code': '10004', 'country': 'US', 'state': 'NY', 'display_address': ['1 New York Plz', 'New York, NY 10004']}",+12127858409,(212) 785-8409,1538.3518914378021
20,8uTTEIDkYuEXywiWcP5w-w,starbucks-new-york-128,Starbucks,https://s3-media3.fl.yelpcdn.com/bphoto/bwiif4R8_NFKKzTy_HKvAw/o.jpg,False,https://www.yelp.com/biz/starbucks-new-york-128?adjust_creative=0wbs0iSeYd0wJkiEuTz28g&utm_campaign=yelp_api_v3&utm_medium=api_v3_business_search&utm_source=0wbs0iSeYd0wJkiEuTz28g,70,"[{'alias': 'coffee', 'title': 'Coffee & Tea'}]",2.5,"{'latitude': 40.713782, 'longitude': -74.009077}",['delivery'],$$,"{'address1': '120 Church St', 'address2': '', 'address3': '', 'city': 'New York', 'zip_code': '10007', 'country': 'US', 'state': 'NY', 'display_address': ['120 Church St', 'New York, NY 10007']}",+12125131451,(212) 513-1451,1553.1211454137544
21,JXKpCS9Ru3nt7U0_kFqZgA,starbucks-brooklyn-32,Starbucks,https://s3-media1.fl.yelpcdn.com/bphoto/VjqMVCdfK9F3iUfdQtBh2g/o.jpg,False,https://www.yelp.com/biz/starbucks-brooklyn-32?adjust_creative=0wbs0iSeYd0wJkiEuTz28g&utm_campaign=yelp_api_v3&utm_medium=api_v3_business_search&utm_source=0wbs0iSeYd0wJkiEuTz28g,69,"[{'alias': 'coffee', 'title': 'Coffee & Tea'}]",3.0,"{'latitude': 40.691795, 'longitude': -73.988548}",['delivery'],$$,"{'address1': '348 Fulton St', 'address2': 'Fulton Mall', 'address3': '', 'city': 'Brooklyn', 'zip_code': '11201', 'country': 'US', 'state': 'NY', 'display_address': ['348 Fulton St', 'Fulton Mall', 'Brooklyn, NY 11201']}",+17184881719,(718) 488-1719,1593.1977005927135
22,hh2T5aLJsSjpHvPRcQxIJw,starbucks-new-york-511,Starbucks,https://s3-media1.fl.yelpcdn.com/bphoto/IPjV2DrLpYgGV-bHwfwIkw/o.jpg,False,https://www.yelp.com/biz/starbucks-new-york-511?adjust_creative=0wbs0iSeYd0wJkiEuTz28g&utm_campaign=yelp_api_v3&utm_medium=api_v3_business_search&utm_source=0wbs0iSeYd0wJkiEuTz28g,36,"[{'alias': 'coffee', 'title': 'Coffee & Tea'}]",3.0,"{'latitude': 40.71221753310176, 'longitude': -74.0110373180485}",[],$$,"{'address1': '33 Vesey St', 'address2': '', 'address3': None, 'city': 'New York', 'zip_code': '10007', 'country': 'US', 'state': 'NY', 'display_address': ['33 Vesey St', 'New York, NY 10007']}",+16468565994,(646) 856-5994,1599.7028784393544
23,chLhbhg91BAxxxYUdcHmFA,starbucks-new-york-428,STARBUCKS,https://s3-media4.fl.yelpcdn.com/bphoto/ucut14YjrdEvlfrLdGjdXA/o.jpg,False,https://www.yelp.com/biz/starbucks-new-york-428?adjust_creative=0wbs0iSeYd0wJkiEuTz28g&utm_campaign=yelp_api_v3&utm_medium=api_v3_business_search&utm_source=0wbs0iSeYd0wJkiEuTz28g,160,"[{'alias': 'coffee', 'title': 'Coffee & Tea'}]",2.5,"{'latitude': 40.719333, 'longitude': -73.989977}",['delivery'],$$,"{'address1': '80 Delancey St', 'address2': '', 'address3': '', 'city': 'New York', 'zip_code': '10002', 'country': 'US', 'state': 'NY', 'display_address': ['80 Delancey St', 'New York, NY 10002']}",+19175341397,(917) 534-1397,1586.5595913546208
24,iWoOAvIYqZ8nqx1BYcuZYw,starbucks-new-york-537,Starbucks,https://s3-media4.fl.yelpcdn.com/bphoto/JMgf4qMYfdnAZRZHnNWCeg/o.jpg,False,https://www.yelp.com/biz/starbucks-new-york-537?adjust_creative=0wbs0iSeYd0wJkiEuTz28g&utm_campaign=yelp_api_v3&utm_medium=api_v3_business_search&utm_source=0wbs0iSeYd0wJkiEuTz28g,26,"[{'alias': 'coffee', 'title': 'Coffee & Tea'}]",3.0,"{'latitude': 40.719757, 'longitude': -73.99913}","['pickup', 'delivery']",$,"{'address1': '157 Lafayette St', 'address2': '', 'address3': '157 Lafayette', 'city': 'New York', 'zip_code': '10013', 'country': 'US', 'state': 'NY', 'display_address': ['157 Lafayette St', '157 Lafayette', 'New York, NY 10013']}",+16468384269,(646) 838-4269,1642.8201284134223
25,01cAFjVfryumdxZCs-QG-A,starbucks-new-york-215,Starbucks,https://s3-media2.fl.yelpcdn.com/bphoto/qG1CALzQyxRL0MrxTByh8w/o.jpg,False,https://www.yelp.com/biz/starbucks-new-york-215?adjust_creative=0wbs0iSeYd0wJkiEuTz28g&utm_campaign=yelp_api_v3&utm_medium=api_v3_business_search&utm_source=0wbs0iSeYd0wJkiEuTz28g,52,"[{'alias': 'coffee', 'title': 'Coffee & Tea'}]",3.5,"{'latitude': 40.71907606, 'longitude': -74.00262424}",['delivery'],$,"{'address1': '405 Broadway', 'address2': '', 'address3': '', 'city': 'New York', 'zip_code': '10013', 'country': 'US', 'state': 'NY', 'display_address': ['405 Broadway', 'New York, NY 10013']}",+16466130148,(646) 613-0148,1670.466982765812
26,rveP6oXixE2a2sKwMqS-ww,starbucks-new-york-380,Starbucks,https://s3-media3.fl.yelpcdn.com/bphoto/R3sguPocqo32eVCyuTppQg/o.jpg,False,https://www.yelp.com/biz/starbucks-new-york-380?adjust_creative=0wbs0iSeYd0wJkiEuTz28g&utm_campaign=yelp_api_v3&utm_medium=api_v3_business_search&utm_source=0wbs0iSeYd0wJkiEuTz28g,51,"[{'alias': 'coffee', 'title': 'Coffee & Tea'}]",2.0,"{'latitude': 40.715532, 'longitude': -74.009003}",['delivery'],$,"{'address1': '125 Chambers St', 'address2': '', 'address3': '', 'city': 'New York', 'zip_code': '10007', 'country': 'US', 'state': 'NY', 'display_address': ['125 Chambers St', 'New York, NY 10007']}",+12127916368,(212) 791-6368,1671.91332817136
27,zKrj6ADYDWPzD-jozbYrww,starbucks-new-york-601,Starbucks,https://s3-media3.fl.yelpcdn.com/bphoto/kvGcUnD1WIbIatmufYhLNw/o.jpg,False,https://www.yelp.com/biz/starbucks-new-york-601?adjust_creative=0wbs0iSeYd0wJkiEuTz28g&utm_campaign=yelp_api_v3&utm_medium=api_v3_business_search&utm_source=0wbs0iSeYd0wJkiEuTz28g,14,"[{'alias': 'coffee', 'title': 'Coffee & Tea'}]",5.0,"{'latitude': 40.72023566, 'longitude': -74.00095858}",[],,"{'address1': '444 Broadway', 'address2': '', 'address3': None, 'city': 'New York', 'zip_code': '10013', 'country': 'US', 'state': 'NY', 'display_address': ['444 Broadway', 'New York, NY 10013']}",+12122192277,(212) 219-2277,1737.9611147993944
28,GWuY5Sw6QAEYjvE2QYHwbQ,starbucks-brooklyn-76,Starbucks,https://s3-media2.fl.yelpcdn.com/bphoto/W1XZnIfxIZa-5syAE7yokg/o.jpg,False,https://www.yelp.com/biz/starbucks-brooklyn-76?adjust_creative=0wbs0iSeYd0wJkiEuTz28g&utm_campaign=yelp_api_v3&utm_medium=api_v3_business_search&utm_source=0wbs0iSeYd0wJkiEuTz28g,5,"[{'alias': 'coffee', 'title': 'Coffee & Tea'}]",3.0,"{'latitude': 40.69069421, 'longitude': -73.98604873}",[],,"{'address1': '422 Fulton St', 'address2': None, 'address3': None, 'city': 'Brooklyn', 'zip_code': '11201', 'country': 'US', 'state': 'NY', 'display_address': ['422 Fulton St', 'Brooklyn, NY 11201']}",+17188757200,(718) 875-7200,1781.3806247160974
29,wE3_AwZoZ0ZXbngBH1xRrg,starbucks-new-york-294,Starbucks,https://s3-media4.fl.yelpcdn.com/bphoto/p5y7vwYiTlQBNw8Bj1hU4Q/o.jpg,False,https://www.yelp.com/biz/starbucks-new-york-294?adjust_creative=0wbs0iSeYd0wJkiEuTz28g&utm_campaign=yelp_api_v3&utm_medium=api_v3_business_search&utm_source=0wbs0iSeYd0wJkiEuTz28g,57,"[{'alias': 'coffee', 'title': 'Coffee & Tea'}]",3.5,"{'latitude': 40.718247, 'longitude': -74.007305}",['delivery'],$,"{'address1': '180 W Broadway', 'address2': '', 'address3': '', 'city': 'New York', 'zip_code': '10013', 'country': 'US', 'state': 'NY', 'display_address': ['180 W Broadway', 'New York, NY 10013']}",+12123437402,(212) 343-7402,1796.9989292760808
30,XhWXyvt0_n5uRxalVsulRA,starbucks-new-york-387,Starbucks,https://s3-media1.fl.yelpcdn.com/bphoto/8eujiCgSr5mDhBup3zkfkw/o.jpg,False,https://www.yelp.com/biz/starbucks-new-york-387?adjust_creative=0wbs0iSeYd0wJkiEuTz28g&utm_campaign=yelp_api_v3&utm_medium=api_v3_business_search&utm_source=0wbs0iSeYd0wJkiEuTz28g,38,"[{'alias': 'coffee', 'title': 'Coffee & Tea'}]",2.5,"{'latitude': 40.7200627, 'longitude': -74.0047478}",['delivery'],$,"{'address1': '32 Avenue Of The Americas', 'address2': '', 'address3': '', 'city': 'New York', 'zip_code': '10013', 'country': 'US', 'state': 'NY', 'display_address': ['32 Avenue Of The Americas', 'New York, NY 10013']}",+12129660984,(212) 966-0984,1848.9065864357208
31,WeWZgrCyh14f-X76wZRMMg,starbucks-brooklyn-73,Starbucks,https://s3-media3.fl.yelpcdn.com/bphoto/SJPxPDJrB7mP6BKZWQriVg/o.jpg,False,https://www.yelp.com/biz/starbucks-brooklyn-73?adjust_creative=0wbs0iSeYd0wJkiEuTz28g&utm_campaign=yelp_api_v3&utm_medium=api_v3_business_search&utm_source=0wbs0iSeYd0wJkiEuTz28g,6,"[{'alias': 'coffee', 'title': 'Coffee & Tea'}]",2.0,"{'latitude': 40.69085, 'longitude': -73.98329}",[],,"{'address1': '445 Gold St', 'address2': None, 'address3': 'Target', 'city': 'Brooklyn', 'zip_code': '11201', 'country': 'US', 'state': 'NY', 'display_address': ['445 Gold St', 'Target', 'Brooklyn, NY 11201']}",+19293972864,(929) 397-2864,1862.9540522637212
32,AvpB-RQgEW9N4Eip3l3cww,starbucks-new-york-553,Starbucks,https://s3-media2.fl.yelpcdn.com/bphoto/QM4CzZXPdULlS66xBjcJ_w/o.jpg,False,https://www.yelp.com/biz/starbucks-new-york-553?adjust_creative=0wbs0iSeYd0wJkiEuTz28g&utm_campaign=yelp_api_v3&utm_medium=api_v3_business_search&utm_source=0wbs0iSeYd0wJkiEuTz28g,64,"[{'alias': 'coffee', 'title': 'Coffee & Tea'}]",2.0,"{'latitude': 40.7224629, 'longitude': -73.9978143}",['delivery'],$$,"{'address1': '72 Spring St', 'address2': '', 'address3': None, 'city': 'New York', 'zip_code': '10012', 'country': 'US', 'state': 'NY', 'display_address': ['72 Spring St', 'New York, NY 10012']}",+12122192961,(212) 219-2961,1915.4464368276865
33,yhGYzWRpVTszItDTvLt-IA,starbucks-brooklyn-77,Starbucks,https://s3-media2.fl.yelpcdn.com/bphoto/Eh4oYh0oIgNtOqkWTwhS-g/o.jpg,False,https://www.yelp.com/biz/starbucks-brooklyn-77?adjust_creative=0wbs0iSeYd0wJkiEuTz28g&utm_campaign=yelp_api_v3&utm_medium=api_v3_business_search&utm_source=0wbs0iSeYd0wJkiEuTz28g,10,"[{'alias': 'coffee', 'title': 'Coffee & Tea'}]",3.5,"{'latitude': 40.68919372, 'longitude': -73.98589112}",[],,"{'address1': '45 Hoyt St', 'address2': '', 'address3': None, 'city': 'Brooklyn', 'zip_code': '11201', 'country': 'US', 'state': 'NY', 'display_address': ['45 Hoyt St', 'Brooklyn, NY 11201']}",+17187971777,(718) 797-1777,1940.9108796183948
34,xPK7cw1KaNyZczS9nBkCqA,starbucks-brooklyn-50,Starbucks,https://s3-media1.fl.yelpcdn.com/bphoto/fxWD0vQOmBVdMWEbGNV42Q/o.jpg,False,https://www.yelp.com/biz/starbucks-brooklyn-50?adjust_creative=0wbs0iSeYd0wJkiEuTz28g&utm_campaign=yelp_api_v3&utm_medium=api_v3_business_search&utm_source=0wbs0iSeYd0wJkiEuTz28g,23,"[{'alias': 'coffee', 'title': 'Coffee & Tea'}]",2.5,"{'latitude': 40.68935078, 'longitude': -73.980887}",['delivery'],$$,"{'address1': '395 Flatbush Avenue Extension', 'address2': '', 'address3': None, 'city': 'Brooklyn', 'zip_code': '11201', 'country': 'US', 'state': 'NY', 'display_address': ['395 Flatbush Avenue Extension', 'Brooklyn, NY 11201']}",+17188588070,(718) 858-8070,2116.585501047571
35,ho_CugEAQlW19dYoQvKPDg,starbucks-new-york-588,Starbucks,https://s3-media2.fl.yelpcdn.com/bphoto/eqb1pa4iXQhPSFZbT5RKiw/o.jpg,False,https://www.yelp.com/biz/starbucks-new-york-588?adjust_creative=0wbs0iSeYd0wJkiEuTz28g&utm_campaign=yelp_api_v3&utm_medium=api_v3_business_search&utm_source=0wbs0iSeYd0wJkiEuTz28g,1,"[{'alias': 'coffee', 'title': 'Coffee & Tea'}]",1.0,"{'latitude': 40.7205206260945, 'longitude': -74.0104043160567}",[],,"{'address1': '235 Greenwich St', 'address2': '', 'address3': None, 'city': 'New York', 'zip_code': '10001', 'country': 'US', 'state': 'NY', 'display_address': ['235 Greenwich St', 'New York, NY 10001']}",,,2157.326829514238
36,fUB19ML4mZsMFDMpvz9rIg,starbucks-new-york-147,Starbucks,https://s3-media1.fl.yelpcdn.com/bphoto/BKnBnUo2BxLhKzIPdV3ylw/o.jpg,False,https://www.yelp.com/biz/starbucks-new-york-147?adjust_creative=0wbs0iSeYd0wJkiEuTz28g&utm_campaign=yelp_api_v3&utm_medium=api_v3_business_search&utm_source=0wbs0iSeYd0wJkiEuTz28g,1,"[{'alias': 'coffee', 'title': 'Coffee & Tea'}]",1.0,"{'latitude': 40.72098559, 'longitude': -74.01044872}",[],,"{'address1': '388 Greenwich St', 'address2': '', 'address3': '', 'city': 'New York', 'zip_code': '10013', 'country': 'US', 'state': 'NY', 'display_address': ['388 Greenwich St', 'New York, NY 10013']}",+12128163198,(212) 816-3198,2200.053802004836
37,ED7A7vDdg8yLNKJTSVHHmg,arabica-brooklyn,% Arabica,https://s3-media4.fl.yelpcdn.com/bphoto/_rgLT3xVWG2jni0b6CVY2w/o.jpg,False,https://www.yelp.com/biz/arabica-brooklyn?adjust_creative=0wbs0iSeYd0wJkiEuTz28g&utm_campaign=yelp_api_v3&utm_medium=api_v3_business_search&utm_source=0wbs0iSeYd0wJkiEuTz28g,255,"[{'alias': 'coffee', 'title': 'Coffee & Tea'}]",4.5,"{'latitude': 40.702601240302045, 'longitude': -73.99415047815798}",[],$$,"{'address1': '20 Old Fulton St', 'address2': '', 'address3': None, 'city': 'Brooklyn', 'zip_code': '11201', 'country': 'US', 'state': 'NY', 'display_address': ['20 Old Fulton St', 'Brooklyn, NY 11201']}",+17188652551,(718) 865-2551,316.42506343208225
38,KWC_KYP336tSFhAihd8plg,bluestone-lane-dumbo-café-brooklyn,Bluestone Lane DUMBO Café,https://s3-media1.fl.yelpcdn.com/bphoto/AjXvAC5Y5Blhi2a5XxpmIg/o.jpg,False,https://www.yelp.com/biz/bluestone-lane-dumbo-caf%C3%A9-brooklyn?adjust_creative=0wbs0iSeYd0wJkiEuTz28g&utm_campaign=yelp_api_v3&utm_medium=api_v3_business_search&utm_source=0wbs0iSeYd0wJkiEuTz28g,265,"[{'alias': 'coffee', 'title': 'Coffee & Tea'}, {'alias': 'gluten_free', 'title': 'Gluten-Free'}, {'alias': 'breakfast_brunch', 'title': 'Breakfast & Brunch'}]",4.0,"{'latitude': 40.70077577888819, 'longitude': -73.98836356287899}","['pickup', 'delivery']",$$,"{'address1': '55 Prospect St', 'address2': '', 'address3': None, 'city': 'Brooklyn', 'zip_code': '11201', 'country': 'US', 'state': 'NY', 'display_address': ['55 Prospect St', 'Brooklyn, NY 11201']}",+17183746858,(718) 374-6858,720.6910385584724
39,wWhZvkaFrntlSf1CWvD1Zw,cafe-patoro-new-york,Cafe Patoro,https://s3-media3.fl.yelpcdn.com/bphoto/v1JkdLwcAx7sgRg4HJxCqw/o.jpg,False,https://www.yelp.com/biz/cafe-patoro-new-york?adjust_creative=0wbs0iSeYd0wJkiEuTz28g&utm_campaign=yelp_api_v3&utm_medium=api_v3_business_search&utm_source=0wbs0iSeYd0wJkiEuTz28g,227,"[{'alias': 'bakeries', 'title': 'Bakeries'}, {'alias': 'brazilian', 'title': 'Brazilian'}, {'alias': 'coffee', 'title': 'Coffee & Tea'}]",4.5,"{'latitude': 40.7072720974983, 'longitude': -74.0023160353303}","['pickup', 'delivery']",$,"{'address1': '223 Front St', 'address2': '', 'address3': '', 'city': 'New York', 'zip_code': '10038', 'country': 'US', 'state': 'NY', 'display_address': ['223 Front St', 'New York, NY 10038']}",+19172620031,(917) 262-0031,706.1266596183273
40,-2UtjTxrt1Xzd-HPsLJ7mA,butler-brooklyn-2,Butler,https://s3-media3.fl.yelpcdn.com/bphoto/bdMNkvxL7UpST2PuDCjvXw/o.jpg,False,https://www.yelp.com/biz/butler-brooklyn-2?adjust_creative=0wbs0iSeYd0wJkiEuTz28g&utm_campaign=yelp_api_v3&utm_medium=api_v3_business_search&utm_source=0wbs0iSeYd0wJkiEuTz28g,200,"[{'alias': 'coffee', 'title': 'Coffee & Tea'}, {'alias': 'cafes', 'title': 'Cafes'}]",4.0,"{'latitude': 40.7032670673495, 'longitude': -73.9922419276899}","['pickup', 'delivery']",$$,"{'address1': '40 Water St', 'address2': '', 'address3': None, 'city': 'Brooklyn', 'zip_code': '11201', 'country': 'US', 'state': 'NY', 'display_address': ['40 Water St', 'Brooklyn, NY 11201']}",,,299.48141504845114
41,iasVVMV9BGZy8LLNPpNVfA,joe-coffee-company-brooklyn-2,Joe Coffee Company,https://s3-media4.fl.yelpcdn.com/bphoto/UXtU0A5f7uKojuE4Qxo7Cw/o.jpg,False,https://www.yelp.com/biz/joe-coffee-company-brooklyn-2?adjust_creative=0wbs0iSeYd0wJkiEuTz28g&utm_campaign=yelp_api_v3&utm_medium=api_v3_business_search&utm_source=0wbs0iSeYd0wJkiEuTz28g,71,"[{'alias': 'coffee', 'title': 'Coffee & Tea'}]",4.0,"{'latitude': 40.6986734, 'longitude': -73.9943579}","['pickup', 'delivery']",$,"{'address1': '102 Hicks St', 'address2': '', 'address3': None, 'city': 'Brooklyn', 'zip_code': '11201', 'country': 'US', 'state': 'NY', 'display_address': ['102 Hicks St', 'Brooklyn, NY 11201']}",+13474220304,(347) 422-0304,752.9714027220938
42,nKD_pfGjO8_KGgprnzNnEQ,devoción-brooklyn-14,Devoción,https://s3-media2.fl.yelpcdn.com/bphoto/0f502VLom9JSLWoaZocWkg/o.jpg,False,https://www.yelp.com/biz/devoci%C3%B3n-brooklyn-14?adjust_creative=0wbs0iSeYd0wJkiEuTz28g&utm_campaign=yelp_api_v3&utm_medium=api_v3_business_search&utm_source=0wbs0iSeYd0wJkiEuTz28g,29,"[{'alias': 'coffee', 'title': 'Coffee & Tea'}, {'alias': 'coffeeroasteries', 'title': 'Coffee Roasteries'}, {'alias': 'cafes', 'title': 'Cafes'}]",3.5,"{'latitude': 40.701550772172354, 'longitude': -73.98670749425311}",[],,"{'address1': '105 York St', 'address2': '', 'address3': None, 'city': 'Brooklyn', 'zip_code': '11201', 'country': 'US', 'state': 'NY', 'display_address': ['105 York St', 'Brooklyn, NY 11201']}",+17182856180,(718) 285-6180,772.258999581213
43,56xmEk-5aTHwBiPyQTzMKA,dreamers-coffee-house-new-york,Dreamers Coffee House,https://s3-media1.fl.yelpcdn.com/bphoto/ZWgP8ESQiLcwGy9g-BuUtw/o.jpg,False,https://www.yelp.com/biz/dreamers-coffee-house-new-york?adjust_creative=0wbs0iSeYd0wJkiEuTz28g&utm_campaign=yelp_api_v3&utm_medium=api_v3_business_search&utm_source=0wbs0iSeYd0wJkiEuTz28g,74,"[{'alias': 'coffee', 'title': 'Coffee & Tea'}, {'alias': 'desserts', 'title': 'Desserts'}, {'alias': 'cupcakes', 'title': 'Cupcakes'}]",4.5,"{'latitude': 40.712736, 'longitude': -73.995257}","['pickup', 'delivery']",,"{'address1': '54W Henry St', 'address2': None, 'address3': '', 'city': 'New York', 'zip_code': '10002', 'country': 'US', 'state': 'NY', 'display_address': ['54W Henry St', 'New York, NY 10002']}",+12029052088,(202) 905-2088,808.9978527280191
44,3BGG2nlFs_TOkRCC2j3m5Q,tous-les-jours-new-york-3,Tous Les Jours,https://s3-media2.fl.yelpcdn.com/bphoto/g0LqgWMzJO0wLSO3TY63Yg/o.jpg,False,https://www.yelp.com/biz/tous-les-jours-new-york-3?adjust_creative=0wbs0iSeYd0wJkiEuTz28g&utm_campaign=yelp_api_v3&utm_medium=api_v3_business_search&utm_source=0wbs0iSeYd0wJkiEuTz28g,104,"[{'alias': 'bakeries', 'title': 'Bakeries'}, {'alias': 'coffee', 'title': 'Coffee & Tea'}, {'alias': 'desserts', 'title': 'Desserts'}]",3.5,"{'latitude': 40.71389, 'longitude': -73.99706}",['delivery'],$,"{'address1': '7 Division St', 'address2': '', 'address3': '', 'city': 'New York', 'zip_code': '10002', 'country': 'US', 'state': 'NY', 'display_address': ['7 Division St', 'New York, NY 10002']}",+12129666777,(212) 966-6777,970.8914039184493
45,vijwGDNrPBJHEG7_DsjZNw,usagi-ny-dumbo-7,Usagi NY,https://s3-media3.fl.yelpcdn.com/bphoto/Oxlhp59j1x4OnOtvfDc38w/o.jpg,False,https://www.yelp.com/biz/usagi-ny-dumbo-7?adjust_creative=0wbs0iSeYd0wJkiEuTz28g&utm_campaign=yelp_api_v3&utm_medium=api_v3_business_search&utm_source=0wbs0iSeYd0wJkiEuTz28g,86,"[{'alias': 'bookstores', 'title': 'Bookstores'}, {'alias': 'cafes', 'title': 'Cafes'}, {'alias': 'homedecor', 'title': 'Home Decor'}]",4.0,"{'latitude': 40.70383, 'longitude': -73.98691}","['pickup', 'delivery']",$$,"{'address1': '163 Plymouth St', 'address2': '', 'address3': '', 'city': 'Dumbo', 'zip_code': '11201', 'country': 'US', 'state': 'NY', 'display_address': ['163 Plymouth St', 'Dumbo, NY 11201']}",+17188018037,(718) 801-8037,639.2829971761212
46,vf8nbODtQAG57Ueq3LSkvg,dunkin-new-york-142,Dunkin',https://s3-media3.fl.yelpcdn.com/bphoto/blzdYqCb5NVfe6oyQbQwUQ/o.jpg,False,https://www.yelp.com/biz/dunkin-new-york-142?adjust_creative=0wbs0iSeYd0wJkiEuTz28g&utm_campaign=yelp_api_v3&utm_medium=api_v3_business_search&utm_source=0wbs0iSeYd0wJkiEuTz28g,18,"[{'alias': 'donuts', 'title': 'Donuts'}, {'alias': 'coffee', 'title': 'Coffee & Tea'}]",2.5,"{'latitude': 40.712839123693826, 'longitude': -73.98981140207547}",['delivery'],$,"{'address1': '201 Madison St', 'address2': '', 'address3': '', 'city': 'New York', 'zip_code': '10002', 'country': 'US', 'state': 'NY', 'display_address': ['201 Madison St', 'New York, NY 10002']}",+12125665071,(212) 566-5071,904.8349971718594
47,g8Ro1SIV4nc0TXAyQJP7qw,the-archway-bar-and-grill-brooklyn,The Archway Bar & Grill ,https://s3-media2.fl.yelpcdn.com/bphoto/pGv7i7O_Jmc8YvrUkoG1Yg/o.jpg,False,https://www.yelp.com/biz/the-archway-bar-and-grill-brooklyn?adjust_creative=0wbs0iSeYd0wJkiEuTz28g&utm_campaign=yelp_api_v3&utm_medium=api_v3_business_search&utm_source=0wbs0iSeYd0wJkiEuTz28g,233,"[{'alias': 'breakfast_brunch', 'title': 'Breakfast & Brunch'}, {'alias': 'cafes', 'title': 'Cafes'}, {'alias': 'sandwiches', 'title': 'Sandwiches'}]",2.5,"{'latitude': 40.7029805535101, 'longitude': -73.9874666761856}","['pickup', 'delivery']",$$,"{'address1': '57 Pearl St', 'address2': 'Ste B', 'address3': '', 'city': 'Brooklyn', 'zip_code': '11201', 'country': 'US', 'state': 'NY', 'display_address': ['57 Pearl St', 'Ste B', 'Brooklyn, NY 11201']}",+17185223455,(718) 522-3455,637.3561148541081
48,qcbn2BYjOqE11KSCpJCDPw,cha-cha-matcha-brooklyn,Cha Cha Matcha,https://s3-media3.fl.yelpcdn.com/bphoto/boR0F7UE9d-h2z7sppzQNg/o.jpg,False,https://www.yelp.com/biz/cha-cha-matcha-brooklyn?adjust_creative=0wbs0iSeYd0wJkiEuTz28g&utm_campaign=yelp_api_v3&utm_medium=api_v3_business_search&utm_source=0wbs0iSeYd0wJkiEuTz28g,20,"[{'alias': 'coffee', 'title': 'Coffee & Tea'}]",4.0,"{'latitude': 40.7034302777916, 'longitude': -73.99160719999999}",[],,"{'address1': '55 Water St', 'address2': '', 'address3': None, 'city': 'Brooklyn', 'zip_code': '11201', 'country': 'US', 'state': 'NY', 'display_address': ['55 Water St', 'Brooklyn, NY 11201']}",,,318.50592632366255
49,3OT1deSiIYhrcXWJ1sD3wA,shui-mei-cafe-new-york,Shui Mei Cafe,https://s3-media2.fl.yelpcdn.com/bphoto/_jFVSwj8XokBdESM6JLY9A/o.jpg,False,https://www.yelp.com/biz/shui-mei-cafe-new-york?adjust_creative=0wbs0iSeYd0wJkiEuTz28g&utm_campaign=yelp_api_v3&utm_medium=api_v3_business_search&utm_source=0wbs0iSeYd0wJkiEuTz28g,52,"[{'alias': 'cafes', 'title': 'Cafes'}, {'alias': 'chinese', 'title': 'Chinese'}]",4.5,"{'latitude': 40.7135318, 'longitude': -73.9948386}",['delivery'],$,"{'address1': '67 E Broadway', 'address2': '', 'address3': '', 'city': 'New York', 'zip_code': '10002', 'country': 'US', 'state': 'NY', 'display_address': ['67 E Broadway', 'New York, NY 10002']}",+12127912819,(212) 791-2819,900.3994713301811
